SM_name,SM_type,specific_energy,mu_total,specific_price,price_sources,SM_sources,C_kwh
Synthetic CH4 (Sabatier),synfuel,15.96,62.024,0.113375,"0 : Knighton 2020, 1 : Li 2017",Engineering Toolkit HHV,0.007103696741854636
Synthetic H2,synfuel,32.8,18.015,0.009000000000000001,0 : Li 2017,Engineering Toolkit HHV,0.0002743902439024391
Synthetic H2 (Cavern),synfuel,32.8,2.016,0.36,Ahluwalia,Engineering Toolkit HHV,0.010975609756097562
Synthetic Methanol (DMS),synfuel,6.0,62.024,0.0566875,"0 : Knighton 2020, 1 : Li 2017",Engineering Toolkit HHV,0.009447916666666667
Ba(OH)2/BaO,thermochemical,0.1515194444444444,171.341,0.45,"Alibaba (Bulk), Alibaba (Manual Search)",Andre 2016,2.9699158523841835
BaCO3/BaO,thermochemical,0.2323888888888889,197.335,0.3295454545454545,Alibaba (Manual Search),Andre 2016,1.4180774998370023
BaO2/BaO,thermochemical,0.1201666666666666,153.326,0.3,Alibaba (Manual Search),Andre 2016,2.4965325936199734
Be(OH)2/BeO,thermochemical,0.3308333333333333,,,,Andre 2016,
Ca(OH)2/CaO,thermochemical,0.3755555555555555,,,,Andre 2016,
CaCO3/CaO,thermochemical,0.4602222222222222,100.086,1.1525,"Alibaba (Bulk), Alva 2018, Chem Central, Echemi",Andre 2016,2.5042250120714633
Cd(OH)2/CdO,thermochemical,0.1137222222222222,163.435,6.715,"Alibaba (Bulk), Alibaba (Manual Entry), Li 2017",Andre 2016,59.04738641914999
CdCO3/CdO,thermochemical,0.1555833333333333,172.422,0.5,"Alibaba (Bulk), Alibaba (Manual Entry)",Andre 2016,3.2137118371719344
CdSO4/CdO,thermochemical,0.4723611111111111,,,,Andre 2016,
Co3O4/CoO,thermochemical,0.2266944444444444,240.795582,17.18,"Alibaba (Bulk), ISE",Andre 2016,75.78483029040561
CoSO4/CoO,thermochemical,0.5906388888888889,154.989194,7.6858,"Alibaba (Bulk), ISE",Andre 2016,13.012688708084466
Cr5O12/Cr2O3,thermochemical,0.0775277777777777,151.9892,1.5,"Alibaba (Bulk), Alibaba (Manual Search)",Andre 2016,19.347903977069173
CuO/Cu2O,thermochemical,0.2250555555555555,79.545,17.8,Alibaba (Manual Search),Andre 2016,79.09158232535178
CuSO4/CuO,thermochemical,0.52275,159.602,1.372,"Alibaba (Bulk), Alibaba (Manual Search), Li 2017",Andre 2016,2.6245815399330463
Fe2O3/Fe3O4,thermochemical,0.1348888888888889,159.687,0.122,"Alibaba (Bulk), Olympios 2021, USGS",Andre 2016,0.9044481054365733
FeSO4/FeO,thermochemical,0.6332722222222222,151.901,0.1021571428571428,"Alibaba (Bulk), Alibaba (Manual Search)",Andre 2016,0.16131631748928144
Li2O2/Li2O,thermochemical,0.2071944444444444,,,,Andre 2016,
Mg(OH)2/MgO,thermochemical,0.3702777777777777,58.319,0.73375,Alibaba (Manual Search),Andre 2016,1.9816204051012758
MgCO3/MgO,thermochemical,0.3261111111111111,84.313,0.9694715,"Alibaba (Bulk), Alibaba (Manual Search)",Andre 2016,2.9728257240204434
MgO2/MgO,thermochemical,0.1057222222222222,40.304,0.135,"Alibaba (Bulk), Alibaba (Manual Search), Steinmann 2022",Andre 2016,1.2769311613242251
MgSO4/MgO,thermochemical,0.8048611111111111,120.361,6.906071428571428,"Alibaba (Bulk), Alva 2018",Andre 2016,8.580451127819547
Mn(OH)2/MnO,thermochemical,0.2094444444444444,,,,Andre 2016,
Mn2O3/Mn3O4,thermochemical,0.0528055555555555,,,,Andre 2016,
Mn3O4/MnO,thermochemical,0.2362777777777777,86.936043,1.562125,"Alibaba (Bulk), Alibaba (Manual Search), ISE, Li 2017",Andre 2016,6.611391958617449
MnSO4/MnO,thermochemical,0.65825,150.994043,0.66875,"Alibaba (Bulk), ISE",Andre 2016,1.0159513862514242
Ni(OH)2/NiO,thermochemical,0.1433333333333333,92.7074,7.0,"Alibaba (Bulk), Alibaba (Manual Search), Li 2017",Andre 2016,48.83720930232559
NiSO4/NiO,thermochemical,0.3998333333333334,154.7494,3.362034375,Alibaba (Manual Search),Andre 2016,8.408589516465193
PbCO3/PbO,thermochemical,0.0872222222222222,267.208,0.136,Alibaba (Manual Search),Andre 2016,1.5592356687898095
PbO2/PbO,thermochemical,0.0641388888888888,223.199,2.7,Alibaba (Manual Search),Andre 2016,42.09614551754012
PtO2/PtO,thermochemical,0.0768055555555555,,,,Andre 2016,
Rh2O3/Rh2O,thermochemical,0.2728055555555556,,,,Andre 2016,
Sb2O5/SbO2,thermochemical,0.0584444444444444,,,,Andre 2016,
Sr(OH)2/SrO,thermochemical,0.2023055555555555,121.634,1.3,Alibaba (Manual Search),Andre 2016,6.425923383221202
SrCO3/SrO,thermochemical,0.3807361111111111,147.628,1.1286504545454543,"Alibaba (Bulk), Alibaba (Manual Search)",Andre 2016,2.9643903522880644
V2O5/V2O4,thermochemical,0.2696944444444444,181.878,20.30537029495808,"ISE, SMM",Andre 2016,75.29028021613874
Zn(OH)2/ZnO,thermochemical,0.1386,99.394,1.0,Alibaba (Manual Entry),Andre 2016,7.215007215007215
ZnCO3/ZnO,thermochemical,0.1513611111111111,,,,Andre 2016,
ZnSO4/ZnO,thermochemical,0.4911666666666667,161.436,0.7780285714285714,"Alibaba (Bulk), Alibaba (Manual Search)",Andre 2016,1.5840418827863685
(SPrN)2V/NH4[Fe(CN)6],flow_battery,0.0418983907796458,524.5342,1.6971612170378976,"0 : Alibaba (Manual Entry), 1 : Alibaba (Manual Entry), Li 2017",Diez 2020,40.50659668443345
AQDS/Br,flow_battery,0.04668718739756992,528.1379999999999,2.165296414952153,"0 : Alibaba (Manual Entry), Li 2017, 1 : USGS",Li 2017,46.37881473804219
AQDS/FeSO4,flow_battery,0.03194131282278663,520.231,1.8380462449922659,"0 : Alibaba (Manual Entry), Li 2017, 1 : Alibaba (Bulk), Alibaba (Manual Search)",Diez 2020,57.54448025320428
AQDS/HBr/Br2 ,flow_battery,0.04414984025639764,528.1379999999999,2.165296414952153,"0 : Alibaba (Manual Entry), Li 2017, 1 : USGS",Diez 2020,49.04426386091817
Al-O2,metal_air,2.0859787841699444,26.9815384,2.2725,"Alibaba (Bulk), Alok 2021, Kale 2018, Kim 2013, SMM, Steinmann 2022, USGS",Weinrich 2019,1.089416640881262
Al-air,metal_air,2.6919059548097852,26.9815384,2.2725,"Alibaba (Bulk), Alok 2021, Kale 2018, Kim 2013, SMM, Steinmann 2022, USGS",Weinrich 2019,0.8441973969928599
BTMAP-Vi/BTMAP-Fc,flow_battery,0.1286977339274891,156.188,4.0,Alibaba (Manual Entry),Diez 2020,31.08057832823755
BTMAP-Vi/TMAP-TEMPO,flow_battery,0.09710766413480183,328.436,2.393336905820312,"0 : Alibaba (Manual Entry), 1 : Liu 2019",Diez 2020,24.64622053412753
Ba/Al,liquid_metal_battery,0.055459517265246526,164.3085384,26.50786024524091,"0 : Alibaba (Manual Entry), Kim 2013, 1 : Alibaba (Bulk), Alok 2021, Kale 2018, Kim 2013, SMM, Steinmann 2022, USGS",Kim 2013,477.96774210027155
Ba/Bi,liquid_metal_battery,0.08783981049463248,346.30740000000003,16.102188596533512,"0 : Alibaba (Manual Entry), Kim 2013, 1 : Alibaba (Bulk), ISE, Kim 2013, USGS",Kim 2013,183.31310718751436
Ba/Pb,liquid_metal_battery,0.06534514469596481,344.527,13.219936251225588,"0 : Alibaba (Manual Entry), Kim 2013, 1 : Alibaba (Bulk), Kim 2013, Li 2017, SMM, USGS",Kim 2013,202.3093882909704
Ba/Sb,liquid_metal_battery,0.13189303528673121,259.087,18.35095953412284,"0 : Alibaba (Manual Entry), Kim 2013, 1 : Alibaba (Bulk), ISE, Kim 2013, USGS",Kim 2013,139.1351673288013
Ba/Sn,liquid_metal_battery,0.09368662754037721,256.037,23.140444545124335,"0 : Alibaba (Manual Entry), Kim 2013, 1 : Kim 2013, SMM, USGS",Kim 2013,246.99837268826045
C6/LCO,solid_electrode,0.6623966812899907,169.937194,8.697163203356412,"0 : Alibaba (Bulk), Li 2017, Liu 2016, USGS, 1 : Alibaba (Bulk), ISE, Li 2017",Li 2017,13.12984114959489
C6/LFP,solid_electrode,0.42565810239739976,229.820762,3.6987945736096735,"0 : Alibaba (Bulk), Li 2017, Liu 2016, USGS, 1 : Li 2017",Li 2017,8.689590431327987
C6/LMNO,solid_electrode,0.494459970415224,254.7557645,7.411740519765315,"0 : Alibaba (Bulk), Li 2017, Liu 2016, USGS, 1 : Li 2017",Li 2017,14.98956632129652
C6/LMO,solid_electrode,0.4451387429962331,252.878086,3.2755445946834243,"0 : Alibaba (Bulk), Li 2017, Liu 2016, USGS, 1 : ISE, Li 2017",Li 2017,7.358480128320672
C6/LMP,solid_electrode,0.4683228062875262,228.913805,3.6936391948420946,"0 : Alibaba (Bulk), Li 2017, Liu 2016, USGS, 1 : Li 2017",Li 2017,7.8869513618655365
C6/LRMO LMNO,solid_electrode,0.7618485636567226,174.1381179,6.213499774987749,"0 : Alibaba (Bulk), Li 2017, Liu 2016, USGS, 1 : Li 2017",Li 2017,8.155820029592466
C6/NCA,solid_electrode,0.6694458648881167,168.14777600000002,10.078492916780773,"0 : Alibaba (Bulk), Li 2017, Liu 2016, USGS, 1 : Li 2017",Li 2017,15.05497822212282
C6/NCM111,solid_electrode,0.6702328789665776,167.9503302,6.073993889584149,"0 : Alibaba (Bulk), Li 2017, Liu 2016, USGS, 1 : Li 2017",Li 2017,9.062512568690382
C6/NCM622,solid_electrode,0.6660925352281069,168.99428740000002,7.532145550432611,"0 : Alibaba (Bulk), Li 2017, Liu 2016, USGS, 1 : Li 2017",Li 2017,11.307956705824948
Ca-O2,metal_air,2.2603097570847956,40.078,3.773600000000001,"ISE, Kim 2013, SMM",Weinrich 2019,1.6695056897276555
Ca/Al,liquid_metal_battery,0.1698578688364156,67.05953840000001,1.5848147175286855,"0 : ISE, Kim 2013, SMM, 1 : Alibaba (Bulk), Alok 2021, Kale 2018, Kim 2013, SMM, Steinmann 2022, USGS",Kim 2013,9.330240208388387
Ca/Bi,liquid_metal_battery,0.09093117763187714,249.0584,5.328534342046567,"0 : ISE, Kim 2013, SMM, 1 : Alibaba (Bulk), ISE, Kim 2013, USGS",Kim 2013,58.599640748285864
Ca/In,liquid_metal_battery,0.0830535757325345,154.89600000000002,81.0382999156423,"0 : ISE, Kim 2013, SMM, 1 : Alibaba (Bulk), ISE, Kim 2013, USGS",Kim 2013,975.7352311551018
Ca/Pb,liquid_metal_battery,0.06448946687084531,247.278,1.2351852863012447,"0 : ISE, Kim 2013, SMM, 1 : Alibaba (Bulk), Kim 2013, Li 2017, SMM, USGS",Kim 2013,19.15328729224854
Ca/Sb,liquid_metal_battery,0.16395021564774648,161.83800000000002,3.122284155867501,"0 : ISE, Kim 2013, SMM, 1 : Alibaba (Bulk), ISE, Kim 2013, USGS",Kim 2013,19.04409910979228
Ca/Sn,liquid_metal_battery,0.10802383611412,158.788,10.552555422324106,"0 : ISE, Kim 2013, SMM, 1 : Kim 2013, SMM, USGS",Kim 2013,97.68728645385295
Ca/Zn,liquid_metal_battery,0.0775135467305573,105.458,1.5907026978411267,"0 : ISE, Kim 2013, SMM, 1 : Alibaba (Bulk), Kim 2013, Li 2017, SMM, USGS",Kim 2013,20.521608995270523
Ce4/Zn,hybrid_flow,0.26745640591621966,237.494,1.0945299869004248,"0 : Alibaba (Bulk), Kim 2013, Li 2017, SMM, USGS, 1 : Alibaba (Bulk), USGS",Diez 2020,4.092367812806416
Cu/Cu,hybrid_flow,0.2530581520997912,63.546,6.65,"Alibaba (Bulk), Alok 2021, SMM, USGS",Li 2017,26.27854485153133
DBEAQ/K4[Fe(CN)6],flow_battery,0.038200580300182536,736.6762,2.0718639359463493,"0 : Alibaba (Manual Entry), Li 2017, 1 : Alibaba (Manual Entry), Li 2017",Diez 2020,54.23645189851865
DHPS/K4[Fe(CN)6],flow_battery,0.050934107066910046,736.6762,2.0718639359463493,"0 : Alibaba (Manual Entry), Li 2017, 1 : Alibaba (Manual Entry), Li 2017",Diez 2020,40.67733892388899
DPPEAQ/K4[Fe(CN)6],flow_battery,0.036381505047792896,736.6762,2.0718639359463493,"0 : Alibaba (Manual Entry), Li 2017, 1 : Alibaba (Manual Entry), Li 2017",Diez 2020,56.94827449344458
Fe-air,metal_air,0.614303478875061,55.845,0.180117668205045,"Alibaba (Bulk), Steinmann 2022, USGS",Weinrich 2019,0.2932063294430372
Fe/Fe,flow_battery,0.5759095114453695,55.845,0.180117668205045,"Alibaba (Bulk), Steinmann 2022, USGS",Li 2017,0.3127534180725731
FeCl3Zn,hybrid_flow,0.2134346128822381,192.125,0.9737737612262651,"0 : Alibaba (Bulk), Kim 2013, Li 2017, SMM, USGS, 1 : Alibaba (Bulk), Li 2017",Diez 2020,4.562398516699547
I3/Zn,hybrid_flow,0.10663829357273122,319.18894,10.781689136687913,"0 : Alibaba (Bulk), Kim 2013, Li 2017, SMM, USGS, 1 : USGS",Diez 2020,101.105229420559
ICB,flow_battery,0.29326146421808463,107.8411,2.2851742746725727,"0 : Alibaba (Bulk), Alok 2021, ISE, USGS, 1 : Alibaba (Bulk), Steinmann 2022, USGS",Li 2017,7.792276018144672
K-O2,metal_air,1.700008553938264,39.0983,76.04546196638984,"Kim 2013, SMM",Weinrich 2019,44.7323996048266
K/Bi,liquid_metal_battery,0.07292418696163758,248.0787,11.037308765224182,"0 : Kim 2013, SMM, 1 : Alibaba (Bulk), ISE, Kim 2013, USGS",Kim 2013,151.3531960394767
K/Hg,liquid_metal_battery,0.0441676138379864,239.6903,16.340449711006077,"0 : Kim 2013, SMM, 1 : Kim 2013, USGS",Kim 2013,369.96451225428115
K/In,liquid_metal_battery,0.02263685233828747,153.9163,90.72147313919045,"0 : Kim 2013, SMM, 1 : Alibaba (Bulk), ISE, Kim 2013, USGS",Kim 2013,4007.6893988368765
K/Pb,liquid_metal_battery,0.03590953869082058,246.29829999999998,6.968944242109057,"0 : Kim 2013, SMM, 1 : Alibaba (Bulk), Kim 2013, Li 2017, SMM, USGS",Kim 2013,194.06944494919122
K/Sb,liquid_metal_battery,0.1291265442248792,160.8583,11.913026530912825,"0 : Kim 2013, SMM, 1 : Alibaba (Bulk), ISE, Kim 2013, USGS",Kim 2013,92.25854066198657
K/Te,liquid_metal_battery,0.28698840460080677,166.6983,31.575511824657184,"0 : Kim 2013, SMM, 1 : ISE, Kim 2013, USGS",Kim 2013,110.02365014913366
K/Tl,liquid_metal_battery,0.028069664387613463,243.4783,2931.0741757114847,"0 : Kim 2013, SMM, 1 : Kim 2013, USGS",Kim 2013,104421.41862604188
K3[Fe(CN)6]/Zn,hybrid_flow,0.09948727125802202,433.7262,1.5446986046933053,"0 : Alibaba (Bulk), Kim 2013, Li 2017, SMM, USGS, 1 : Alibaba (Manual Entry), Li 2017",Diez 2020,15.526595364014979
LTO/LMO,solid_electrode,0.11308689749806893,639.895086,5.50328569068391,"0 : Li 2017, 1 : ISE, Li 2017",Li 2017,48.6642202804961
Li-O2,metal_air,11.431139929554913,6.94,81.06620208933717,"ISE, Kim 2013, Li 2017, SMM",Weinrich 2019,7.091698867209439
Li/Al,liquid_metal_battery,0.23702983549433196,33.9215384,9.196442996730358,"0 : ISE, Kim 2013, Li 2017, SMM, 1 : Alibaba (Bulk), Alok 2021, Kale 2018, Kim 2013, SMM, Steinmann 2022, USGS",Kim 2013,38.79867265465098
Li/Bi,liquid_metal_battery,0.10116289125272294,215.9204,7.0988975030852615,"0 : ISE, Kim 2013, Li 2017, SMM, 1 : Alibaba (Bulk), ISE, Kim 2013, USGS",Kim 2013,70.17294004924148
Li/Cd,liquid_metal_battery,0.1044174961319548,119.354,3.8139231998927556,"0 : ISE, Kim 2013, Li 2017, SMM, 1 : Alibaba (Bulk), ISE, Kim 2013, SMM, USGS",Kim 2013,36.52571016521036
Li/Ga,liquid_metal_battery,0.2027680309348128,76.663,111.30384522260037,"0 : ISE, Kim 2013, Li 2017, SMM, 1 : ISE, Kim 2013, USGS",Kim 2013,548.9220598999804
Li/In,liquid_metal_battery,0.11556307730635085,121.758,104.78316870007171,"0 : ISE, Kim 2013, Li 2017, SMM, 1 : Alibaba (Bulk), ISE, Kim 2013, USGS",Kim 2013,906.7184012614839
Li/LCO,solid_electrode,1.2018423125470528,104.811194,16.20041895906653,"0 : ISE, Kim 2013, Li 2017, SMM, 1 : Alibaba (Bulk), ISE, Li 2017",Li 2017,13.479654352269506
Li/MoS2,solid_electrode,0.40119437292510757,167.01,15.191223257589366,"0 : ISE, Kim 2013, Li 2017, SMM, 1 : ISE, Li 2017",Li 2017,37.86499582940354
Li/Pb,liquid_metal_battery,0.0688370406691365,214.14,2.386824965331088,"0 : ISE, Kim 2013, Li 2017, SMM, 1 : Alibaba (Bulk), Kim 2013, Li 2017, SMM, USGS",Kim 2013,34.673555721305654
Li/Pb2Sb,liquid_metal_battery,0.07340660249412854,335.9,1.7425048045836302,"0 : ISE, Kim 2013, Li 2017, SMM, 1 : Alibaba (Bulk), Kim 2013, Li 2017, SMM, USGS, 2 : Alibaba (Bulk), ISE, Kim 2013, USGS",Li 2017,23.737712213598297
Li/S,solid_electrode,1.718037749287749,39.0,7.32975016025641,"0 : ISE, Kim 2013, Li 2017, SMM, 1 : Alibaba (Bulk), Li 2017, Steinmann 2022, USGS",Li 2017,4.266349888583718
Li/Sb,liquid_metal_battery,0.19158723992057325,128.70000000000002,5.524357218860021,"0 : ISE, Kim 2013, Li 2017, SMM, 1 : Alibaba (Bulk), ISE, Kim 2013, USGS",Kim 2013,28.834682420135422
Li/Sn,liquid_metal_battery,0.13544673254631473,125.64999999999999,14.972540559092721,"0 : ISE, Kim 2013, Li 2017, SMM, 1 : Kim 2013, SMM, USGS",Kim 2013,110.54191029652932
Li/Te,liquid_metal_battery,0.34462912723188477,134.54,30.16396403485952,"0 : ISE, Kim 2013, Li 2017, SMM, 1 : ISE, Kim 2013, USGS",Kim 2013,87.52586955473328
Li/TiS2,solid_electrode,0.5634000035502638,118.92699999999999,40.03110917831948,"0 : ISE, Kim 2013, Li 2017, SMM, 1 : Li 2017",Li 2017,71.05273149816036
Li/Zn,liquid_metal_battery,0.0704129409414946,72.32,5.163618306954225,"0 : ISE, Kim 2013, Li 2017, SMM, 1 : Alibaba (Bulk), Kim 2013, Li 2017, SMM, USGS",Kim 2013,73.33337079677759
Li/air,metal_air,11.238046349663785,6.94,81.06620208933717,"ISE, Kim 2013, Li 2017, SMM",Li 2017,7.213549363209601
Mg-Air,metal_air,3.054509245925621,24.305,2.408,"Alibaba (Bulk), ISE, Kim 2013, Li 2017, USGS",Weinrich 2019,0.7883426783572538
Mg-O2,metal_air,3.252997211364831,24.305,2.408,"Alibaba (Bulk), ISE, Kim 2013, Li 2017, USGS",Weinrich 2019,0.7402404132371503
Mg/Al,liquid_metal_battery,0.07054848334236573,51.2865384,1.168357133789322,"0 : Alibaba (Bulk), ISE, Kim 2013, Li 2017, USGS, 1 : Alibaba (Bulk), Alok 2021, Kale 2018, Kim 2013, SMM, Steinmann 2022, USGS",Kim 2013,16.561052462593494
Mg/Bi,liquid_metal_battery,0.03733817628059402,233.2854,5.4901004828213456,"0 : Alibaba (Bulk), ISE, Kim 2013, Li 2017, USGS, 1 : Alibaba (Bulk), ISE, Kim 2013, USGS",Kim 2013,147.0371890036511
Mg/Cd,liquid_metal_battery,0.029404898611994915,136.719,1.4860442831647394,"0 : Alibaba (Bulk), ISE, Kim 2013, Li 2017, USGS, 1 : Alibaba (Bulk), ISE, Kim 2013, SMM, USGS",Kim 2013,50.53730341918433
Mg/Ga,liquid_metal_battery,0.055582069525389605,94.02799999999999,88.06791790796585,"0 : Alibaba (Bulk), ISE, Kim 2013, Li 2017, USGS, 1 : ISE, Kim 2013, USGS",Kim 2013,1584.4663334771456
Mg/In,liquid_metal_battery,0.03371292349615487,139.123,89.89277512225392,"0 : Alibaba (Bulk), ISE, Kim 2013, Li 2017, USGS, 1 : Alibaba (Bulk), ISE, Kim 2013, USGS",Kim 2013,2666.4188625619086
Mg/Pb,liquid_metal_battery,0.019680940416453675,231.505,1.11910410931081,"0 : Alibaba (Bulk), ISE, Kim 2013, Li 2017, USGS, 1 : Alibaba (Bulk), Kim 2013, Li 2017, SMM, USGS",Kim 2013,56.86232901631143
Mg/Sb,liquid_metal_battery,0.08257025981583542,146.065,3.142082448343441,"0 : Alibaba (Bulk), ISE, Kim 2013, Li 2017, USGS, 1 : Alibaba (Bulk), ISE, Kim 2013, USGS",Kim 2013,38.05344025017648
Mg/Sn,liquid_metal_battery,0.05059871342166906,143.015,11.392254099220363,"0 : Alibaba (Bulk), ISE, Kim 2013, Li 2017, USGS, 1 : Kim 2013, SMM, USGS",Kim 2013,225.14908638648495
Mg/Ti2S4,solid_electrode,0.33429960020478905,136.292,49.40753389780765,"0 : Alibaba (Bulk), ISE, Kim 2013, Li 2017, USGS, 1 : Li 2017",Li 2017,147.79417584568162
Mg/Tl,liquid_metal_battery,0.02050962264930168,228.685,3114.308312977823,"0 : Alibaba (Bulk), ISE, Kim 2013, Li 2017, USGS, 1 : Kim 2013, USGS",Kim 2013,151846.20244994416
Mg/Zn,liquid_metal_battery,0.04333167629914577,89.685,1.3535861594350171,"0 : Alibaba (Bulk), ISE, Kim 2013, Li 2017, USGS, 1 : Alibaba (Bulk), Kim 2013, Li 2017, SMM, USGS",Kim 2013,31.2377981892591
NTP/NMO,solid_electrode,0.06958833121337907,500.6845968,4.5154057957830105,"0 : Li 2017, 1 : Li 2017",Li 2017,64.88739874990533
Na-O2,metal_air,2.7163054703254943,22.9897693,2.4896818625228065,"Alibaba (Bulk), Alva 2018, Kim 2013, Li 2017, SMM, Steinmann 2022",Weinrich 2019,0.9165691744619829
Na/Bi,liquid_metal_battery,0.06990054077517016,231.9701693,5.518449535399238,"0 : Alibaba (Bulk), Alva 2018, Kim 2013, Li 2017, SMM, Steinmann 2022, 1 : Alibaba (Bulk), ISE, Kim 2013, USGS",Kim 2013,78.94716513208269
Na/Cd,liquid_metal_battery,0.02375241607595828,135.4037693,1.4957181415399254,"0 : Alibaba (Bulk), Alva 2018, Kim 2013, Li 2017, SMM, Steinmann 2022, 1 : Alibaba (Bulk), ISE, Kim 2013, SMM, USGS",Kim 2013,62.971199930008865
Na/Ga,liquid_metal_battery,0.030353379093092554,92.71276929999999,89.31030356867045,"0 : Alibaba (Bulk), Alva 2018, Kim 2013, Li 2017, SMM, Steinmann 2022, 1 : ISE, Kim 2013, USGS",Kim 2013,2942.3512714930175
Na/Hg,liquid_metal_battery,0.04794914893606916,223.58176930000002,10.996611056832739,"0 : Alibaba (Bulk), Alva 2018, Kim 2013, Li 2017, SMM, Steinmann 2022, 1 : Kim 2013, USGS",Kim 2013,229.33902479676075
Na/In,liquid_metal_battery,0.03500709738286142,137.8077693,90.7460297970169,"0 : Alibaba (Bulk), Alva 2018, Kim 2013, Li 2017, SMM, Steinmann 2022, 1 : Alibaba (Bulk), ISE, Kim 2013, USGS",Kim 2013,2592.218052372541
Na/NiCl2,liquid_metal_battery,0.26526544146840714,260.6731693,2.4348930023343867,"0 : Alibaba (Bulk), Alva 2018, Kim 2013, Li 2017, SMM, Steinmann 2022, 1 : Li 2017",Li 2017,9.17908110779813
Na/P2-NMO,solid_electrode,1.6321148748736873,22.9897693,,,Li 2017,
Na/Pb,liquid_metal_battery,0.039004623468197615,230.1897693,1.1226979523754879,"0 : Alibaba (Bulk), Alva 2018, Kim 2013, Li 2017, SMM, Steinmann 2022, 1 : Alibaba (Bulk), Kim 2013, Li 2017, SMM, USGS",Kim 2013,28.783714661183144
Na/S,liquid_metal_battery,0.9737148485702696,55.0497693,0.6027117142686522,"0 : Alibaba (Bulk), Alva 2018, Kim 2013, Li 2017, SMM, Steinmann 2022, 1 : Alibaba (Bulk), Li 2017, Steinmann 2022, USGS",Li 2017,0.6189817431187675
Na/Sb,liquid_metal_battery,0.13609017084169772,144.7497693,3.1661788537453757,"0 : Alibaba (Bulk), Alva 2018, Kim 2013, Li 2017, SMM, Steinmann 2022, 1 : Alibaba (Bulk), ISE, Kim 2013, USGS",Kim 2013,23.265301484765757
Na/Sn,liquid_metal_battery,0.06336259629872085,141.69976929999999,11.493445711805384,"0 : Alibaba (Bulk), Alva 2018, Kim 2013, Li 2017, SMM, Steinmann 2022, 1 : Kim 2013, SMM, USGS",Kim 2013,181.3916471733563
Na/Te,liquid_metal_battery,0.28387197534393044,150.5897693,25.27116299808885,"0 : Alibaba (Bulk), Alva 2018, Kim 2013, Li 2017, SMM, Steinmann 2022, 1 : ISE, Kim 2013, USGS",Kim 2013,89.02309911878795
Na/Tl,liquid_metal_battery,0.031237081681621582,227.3697693,3132.3203349846485,"0 : Alibaba (Bulk), Alva 2018, Kim 2013, Li 2017, SMM, Steinmann 2022, 1 : Kim 2013, USGS",Kim 2013,100275.70331026017
Ni/Zn,hybrid_flow,0.2932960044745993,158.0874,2.6353084098348734,"0 : Alibaba (Bulk), Kim 2013, Li 2017, SMM, USGS, 1 : Alibaba (Bulk), Alibaba (Manual Search), Li 2017",Diez 2020,8.985149370021857
NiCd,solid_electrode,0.12556166673954278,256.1424,3.4090760159192697,"0 : Alibaba (Bulk), Alibaba (Manual Entry), Li 2017, 1 : Alibaba (Bulk), Alibaba (Manual Search), Li 2017",Li 2017,27.1506113644608
NiMH,solid_electrode,0.061250999141648034,525.07987,4.755748038388902,"0 : Li 2017, 1 : Alibaba (Bulk), Alibaba (Manual Search), Li 2017",Li 2017,77.64359937036846
PSB,flow_battery,0.2165142325858287,191.868,1.0407473002272398,"0 : Alibaba (Bulk), Li 2017, Steinmann 2022, USGS, 1 : USGS",Li 2017,4.806830884961227
Pb acid,solid_electrode,0.2716356981981982,207.2,2.2182912821042384,"Alibaba (Bulk), Kim 2013, Li 2017, SMM, USGS",Li 2017,8.16642030785537
"S/Air(Li, Acid)",flow_battery,0.9277403846153846,39.0,7.32975016025641,"0 : ISE, Kim 2013, Li 2017, SMM, 1 : Alibaba (Bulk), Li 2017, Steinmann 2022, USGS",Li 2017,7.900647941821699
"S/Air(Li, Base)",flow_battery,0.4466898148148148,39.0,7.32975016025641,"0 : ISE, Kim 2013, Li 2017, SMM, 1 : Alibaba (Bulk), Li 2017, Steinmann 2022, USGS",Li 2017,16.409038033014298
"S/Air(Na, Acid)",flow_battery,0.657257522784932,55.0497693,0.6027117142686522,"0 : Alibaba (Bulk), Alva 2018, Kim 2013, Li 2017, SMM, Steinmann 2022, 1 : Alibaba (Bulk), Li 2017, Steinmann 2022, USGS",Li 2017,0.9170099898055815
"S/Air(Na, Base)",flow_battery,0.3164573257853376,55.0497693,0.6027117142686522,"0 : Alibaba (Bulk), Alva 2018, Kim 2013, Li 2017, SMM, Steinmann 2022, 1 : Alibaba (Bulk), Li 2017, Steinmann 2022, USGS",Li 2017,1.9045592095962078
Si-air,metal_air,1.9944775779874584,28.085,1.35,"Alibaba (Bulk), Alok 2021, ISE, USGS",Weinrich 2019,0.6768689780720559
Si/LCO,solid_electrode,0.8936903359697683,125.95619400000001,14.065284638959476,"0 : ISE, Li 2017, 1 : Alibaba (Bulk), ISE, Li 2017",Li 2017,15.738432064051405
Si/Li2S,solid_electrode,0.9413523959623249,74.025,5.374915062478893,"0 : ISE, Li 2017, 1 : Li 2017",Li 2017,5.709779977756607
TEMPO/Zn,hybrid_flow,0.16466926362961343,237.628,2.381096313182493,"0 : Alibaba (Bulk), Kim 2013, Li 2017, SMM, USGS, 1 : Liu 2019",Diez 2020,14.459871020849619
VRFB,flow_battery,0.815487427299506,50.9415,299.32,"Alok 2021, SMM",Li 2017,367.0442853928489
Zn-air,metal_air,0.676388676455593,65.38,2.818389559771475,"Alibaba (Bulk), Kim 2013, Li 2017, SMM, USGS",Weinrich 2019,4.166819548991239
Zn/Br2,hybrid_flow,0.22018300017960304,225.188,1.2756395665352043,"0 : Alibaba (Bulk), Kim 2013, Li 2017, SMM, USGS, 1 : USGS",Li 2017,5.793542487361269
Zn/Fe,hybrid_flow,0.43996505579615497,121.225,0.8015053850227667,"0 : Alibaba (Bulk), Kim 2013, Li 2017, SMM, USGS, 1 : Alibaba (Bulk), Steinmann 2022, USGS",Li 2017,1.8217478285232747
Zn/MnO2,solid_electrode,0.2639386012235976,152.31604299999998,1.0506814294973317,"0 : Alibaba (Bulk), Kim 2013, Li 2017, SMM, USGS, 1 : Alibaba (Bulk), Alibaba (Manual Search), ISE, Li 2017",Li 2017,3.980779714018561
Zn/NiOOH,solid_electrode,0.29499135710162017,158.0874,2.6353084098348734,"0 : Alibaba (Bulk), Kim 2013, Li 2017, SMM, USGS, 1 : Alibaba (Bulk), Alibaba (Manual Search), Li 2017",Li 2017,8.93351058053897
Zn/Zn0.25V2O5,solid_electrode,0.1517521958619921,247.25799999999998,7.84073002273788,"0 : Alibaba (Bulk), Kim 2013, Li 2017, SMM, USGS, 1 : ISE, SMM",Li 2017,51.6679839668908
Zn/air,metal_air,0.676388676455593,65.38,2.818389559771475,"Alibaba (Bulk), Kim 2013, Li 2017, SMM, USGS",Li 2017,4.166819548991239
Al,sensible_thermal,0.165777777777728,26.9815384,2.2725,"Alibaba (Bulk), Alok 2021, Kale 2018, Kim 2013, SMM, Steinmann 2022, USGS","Bauer 2012, Steinmann 2022",13.708109919575161
Al2O3,sensible_thermal,0.609,101.9600768,0.8858555555555556,"Liu 2016, SMM, Steinmann 2022, USGS",Steinmann 2022,1.454606823572341
Basalt,sensible_thermal,0.254583333333264,162.0430768,0.05,"Alibaba (Bulk), Steinmann 2022, USGS","Alva 2018, Steinmann 2022",0.19639934533556905
C6,sensible_thermal,0.633166666666512,,3.25,Steinmann 2022,"Bauer 2012, Steinmann 2022",5.132929718348187
Concrete,sensible_thermal,0.109291666666638,,0.05,Steinmann 2022,Steinmann 2022,0.45749142203595683
Dowtherm A,sensible_thermal,0.1756777777777476,,,,Alva 2018,
Fe,sensible_thermal,0.16634722222207798,55.845,0.180117668205045,"Alibaba (Bulk), Steinmann 2022, USGS","Bauer 2012, Steinmann 2022",1.0827813401331288
Granite,sensible_thermal,0.14768518518512,,,,"Alva 2018, Bauer 2012, Steinmann 2022",
HITEC,sensible_thermal,0.16329034722221805,,1.2,Steinmann 2022,"Alva 2018, Steinmann 2022",7.348872853867766
HITEC XL,sensible_thermal,0.14432708333330901,,,,"Alva 2018, Steinmann 2022",
Iron Ore,sensible_thermal,0.245,159.687,0.122,"Alibaba (Bulk), Olympios 2021, USGS","Grosu 2017, Molgaard 1971",0.49795918367346936
KBF,sensible_thermal,0.087026666666664,58.0967032,,,Caraballo 2021,
KMgCl,sensible_thermal,0.074925,169.7533,10.697673169306729,"0 : Alok 2021, Alva 2018, USGS, 1 : Alok 2021, Alva 2018",Caraballo 2021,142.77842067810113
KMgZnCl,sensible_thermal,0.0827893333333104,306.0333,7.183201970520036,"0 : Alok 2021, Alva 2018, USGS, 1 : Alok 2021, Alva 2018, 2 : Alibaba (Bulk), Alva 2018",Caraballo 2021,86.76482442007858
KZrF,sensible_thermal,0.07777777777775599,58.0967032,,,Caraballo 2021,
Lead(44.5%)ebismuth(55.5%) eutectic (LBE),sensible_thermal,0.05475555555555556,416.18039999999996,7.6344699183271825,"0 : Alibaba (Bulk), Kim 2013, Li 2017, SMM, USGS, 1 : Alibaba (Bulk), ISE, Kim 2013, USGS",Alva 2018,139.42822496944936
LiNaKCO3,sensible_thermal,0.1220916666666606,318.0801386,3.5915943571428577,"0 : Alibaba (Bulk), Alok 2021, Alva 2018, ISE, Liu 2016, SMM, USGS, 1 : Alibaba (Bulk), Alok 2021, Alva 2018, Liu 2016, USGS, 2 : Alibaba (Bulk), Alok 2021, Alva 2018, Liu 2016",Caraballo 2021,29.417194925750074
LiNaKCaNO3,sensible_thermal,0.1505349999999762,350.1820693,,,Caraballo 2021,
LiNaKF,sensible_thermal,0.0668192989999836,126.02327880000001,66.237835,"0 : Alibaba (Bulk), Alok 2021, Alva 2018, Steinmann 2022, 1 : Alok 2021, Alva 2018, 2 : Alok 2021, Alva 2018",Caraballo 2021,991.297963183006
LiNaKNO3,sensible_thermal,0.1895999999999616,186.0960693,,,Caraballo 2021,
LiNaKNO3NO2,sensible_thermal,0.1113294341666549,186.0960693,,,Caraballo 2021,
Limestone,sensible_thermal,0.216666666666606,,,,"Bauer 2012, Steinmann 2022",
MgO,sensible_thermal,0.8976388888887641,40.304,0.135,"Alibaba (Bulk), Alibaba (Manual Search), Steinmann 2022",Steinmann 2022,0.1503945536128942
Mobiltherm 605,sensible_thermal,0.2456944444444275,,3.0,Steinmann 2022,Steinmann 2022,12.210288298474556
Na,sensible_thermal,0.28166666666665796,22.9897693,2.4896818625228065,"Alibaba (Bulk), Alva 2018, Kim 2013, Li 2017, SMM, Steinmann 2022","Alva 2018, Steinmann 2022",8.839107204223255
NaBF,sensible_thermal,0.13177499999998948,41.9881724,,,Caraballo 2021,
NaCl,sensible_thermal,0.185249999999922,58.4397693,0.0976013513373986,"Alibaba (Bulk), Alok 2021, Alva 2018, Li 2017, Steinmann 2022, USGS","Bauer 2012, Steinmann 2022",0.5268628952088512
NaKMgCl,sensible_thermal,0.0901512777777496,228.1930693,13.626840491929412,"0 : Alibaba (Bulk), Alok 2021, Alva 2018, Li 2017, Steinmann 2022, USGS, 1 : Alok 2021, Alva 2018, USGS, 2 : Alok 2021, Alva 2018",Caraballo 2021,151.155267322153
NaKZnCl,sensible_thermal,0.1255675391111056,269.2680693,5.290607956293198,"0 : Alibaba (Bulk), Alok 2021, Alva 2018, Li 2017, Steinmann 2022, USGS, 1 : Alok 2021, Alva 2018, USGS, 2 : Alibaba (Bulk), Alva 2018",Caraballo 2021,42.13356408627172
NaMgCaCl,sensible_thermal,0.0754109999999919,264.6227693,10.868783706558181,"0 : Alibaba (Bulk), Alok 2021, Alva 2018, Li 2017, Steinmann 2022, USGS, 1 : Alok 2021, Alva 2018, 2 : Alibaba (Bulk), Alok 2021, Alva 2018, Li 2017",Caraballo 2021,144.12729849172334
S,sensible_thermal,0.089833333333326,32.06,0.2845,"Alibaba (Bulk), Li 2017, Steinmann 2022, USGS",Steinmann 2022,3.166975881261854
Sand,sensible_thermal,0.27146000000000003,60.083,0.0849999999999999,"Alibaba (Manual Entry), Diago 2018, Liu 2016",Diago 2018,0.31312163854711517
Sandstone,sensible_thermal,0.29629166666665796,,,,"Bauer 2012, Steinmann 2022",
SiO2,sensible_thermal,0.34472222222209004,,0.6,Steinmann 2022,Steinmann 2022,1.7405318291706915
Sodium(22.2%)epotassium (77.8%) eutectic (NaK),sensible_thermal,0.19718444444442673,62.0880693,24.40473291742616,"0 : Alibaba (Bulk), Alva 2018, Kim 2013, Li 2017, SMM, Steinmann 2022, 1 : Kim 2013, SMM",Alva 2018,123.76601504336332
Solar Salt,sensible_thermal,0.14056331172835582,186.0960693,0.595,"Diago 2018, Liu 2016, Olympios 2021, Steinmann 2022","Alva 2018, Caraballo 2021, Steinmann 2022",4.2329679962994975
Vegetable Oil,sensible_thermal,0.13080555555554002,933.45,0.7175,"Alva 2018, Steinmann 2022","Alva 2018, Steinmann 2022",5.485241027819722
Al,latent_thermal,0.1102777777777777,26.9815384,2.2725,"Alibaba (Bulk), Alok 2021, Kale 2018, Kim 2013, SMM, Steinmann 2022, USGS",Alok 2021,20.607052896725456
Al/Mg/Zn (59/33/6),latent_thermal,0.0861111111111111,116.6665384,0.5703938492215652,"0 : Alibaba (Bulk), Alok 2021, Kale 2018, Kim 2013, SMM, Steinmann 2022, USGS, 1 : Alibaba (Bulk), ISE, Kim 2013, Li 2017, USGS, 2 : Alibaba (Bulk), Kim 2013, Li 2017, SMM, USGS",Alva 2018,6.6239285716052745
Al/Mg/Zn (60/34/6),latent_thermal,0.0914166666666666,116.6665384,0.5806660307448666,"0 : Alibaba (Bulk), Alok 2021, Kale 2018, Kim 2013, SMM, Steinmann 2022, USGS, 1 : Alibaba (Bulk), ISE, Kim 2013, Li 2017, USGS, 2 : Alibaba (Bulk), Kim 2013, Li 2017, SMM, USGS",Alva 2018,6.351861776607478
B,latent_thermal,1.2777777777777777,10.81,11.46373816318824,"Alok 2021, USGS",Alok 2021,8.971621171190797
CaCO3,latent_thermal,0.0394444444444444,100.086,1.1525,"Alibaba (Bulk), Alva 2018, Chem Central, Echemi","Alok 2021, Alva 2018",29.218309859154964
CaCl2,latent_thermal,0.0702777777777777,110.978,0.1796428571428571,"Alibaba (Bulk), Alok 2021, Alva 2018, Li 2017","Alok 2021, Alva 2018",2.5561829474872977
CaCl2/CaSO4/CaMoO4,latent_thermal,0.0622222222222222,247.11199999999997,,,Alok 2021,
CaF2,latent_thermal,0.1072222222222221,78.0748063,0.3115714285714285,"Alibaba (Bulk), Alok 2021, Alva 2018, USGS","Alok 2021, Alva 2018",2.9058475203552954
CaSO4,latent_thermal,0.0563888888888888,136.134,0.4785,"Alibaba (Bulk), Alva 2018, USGS",Alva 2018,8.485714285714298
Cr,latent_thermal,0.1111111111111111,51.9961,9.28555687376311,"Alibaba (Bulk), Alok 2021, ISE, USGS",Alok 2021,83.57001186386799
Cu,latent_thermal,0.0536111111111111,63.546,6.65,"Alibaba (Bulk), Alok 2021, SMM, USGS",Alok 2021,124.0414507772021
Cu/P/Si (83/10/7),latent_thermal,0.0255555555555555,91.631,,,Alva 2018,
Cu/Si (80/20),latent_thermal,0.0547222222222222,91.631,3.772169571433249,"0 : Alibaba (Bulk), Alok 2021, SMM, USGS, 1 : Alibaba (Bulk), Alok 2021, ISE, USGS",Alva 2018,68.93304800588682
HITEC,latent_thermal,0.0233333333333333,,1.2,Steinmann 2022,Steinmann 2022,51.4285714285715
K2CO3,latent_thermal,0.0608333333333333,138.2046,1.1,"Alibaba (Bulk), Alok 2021, Alva 2018, Liu 2016","Alok 2021, Alva 2018",18.08219178082193
K2CO3/Na2CO3,latent_thermal,0.0452777777777777,244.1921386,0.6605357142857143,"0 : Alibaba (Bulk), Alok 2021, Alva 2018, Liu 2016, 1 : Alibaba (Bulk), Alok 2021, Alva 2018, Liu 2016, USGS",Alok 2021,14.588518843120095
K2SO4,latent_thermal,0.0588888888888888,174.2526,4.3853333333333335,"Alibaba (Bulk), Alva 2018",Alva 2018,74.46792452830199
KCl,latent_thermal,0.0980555555555555,74.5483,0.5136770708907648,"Alok 2021, Alva 2018, USGS","Alok 2021, Alva 2018",5.238633017582873
KCl/KF,latent_thermal,0.1130555555555555,132.6450032,57.51365468190085,"0 : Alok 2021, Alva 2018, USGS, 1 : Alok 2021, Alva 2018",Alok 2021,508.72028711263675
KCl/KF/K2CO3,latent_thermal,0.0786111111111111,270.8496032,24.566970828356308,"0 : Alok 2021, Alva 2018, USGS, 1 : Alok 2021, Alva 2018, 2 : Alibaba (Bulk), Alok 2021, Alva 2018, Liu 2016",Alok 2021,312.51270311690007
KCl/NaF/K2CO3,latent_thermal,0.0761111111111111,254.7410724,1.572722184887061,"0 : Alok 2021, Alva 2018, USGS, 1 : Alok 2021, Alva 2018, 2 : Alibaba (Bulk), Alok 2021, Alva 2018, Liu 2016",Alok 2021,20.663503159100074
KF,latent_thermal,0.1354166666666666,58.0967032,104.15,"Alok 2021, Alva 2018","Alok 2021, Alva 2018",769.1076923076927
KF/KCl,latent_thermal,0.1130555555555555,132.6450032,57.51365468190085,"0 : Alok 2021, Alva 2018, 1 : Alok 2021, Alva 2018, USGS",Alok 2021,508.72028711263675
KNO3,latent_thermal,0.0501388888888887,101.1023,0.8,"Alibaba (Bulk), Alva 2018, Steinmann 2022","Alva 2018, Steinmann 2022",15.955678670360172
KOH,latent_thermal,0.0416666666666666,56.1053,2.91,"Alva 2018, Li 2017",Alva 2018,69.84000000000012
Li2CO3,latent_thermal,0.1413888888888889,73.888,9.7765,"Alibaba (Bulk), Alok 2021, Alva 2018, ISE, Liu 2016, SMM, USGS","Alok 2021, Alva 2018",69.14616895874263
Li2SO4,latent_thermal,0.0233333333333333,109.936,0.85,"Alibaba (Bulk), Alva 2018, Li 2017",Alva 2018,36.42857142857148
LiCl,latent_thermal,0.1190277777777777,42.39,22.5,"Alibaba (Bulk), Alok 2021, Alva 2018","Alok 2021, Alva 2018",189.03150525087526
LiF,latent_thermal,0.2897222222222222,25.9384032,14.2,"Alibaba (Bulk), Alok 2021, Alva 2018, Steinmann 2022","Alok 2021, Alva 2018, Steinmann 2022",49.012464046021094
LiF/MgF2,latent_thermal,0.2630555555555555,88.2402095,9.8011,"0 : Alibaba (Bulk), Alok 2021, Alva 2018, Steinmann 2022, 1 : Alok 2021",Alok 2021,37.258669482576565
LiF/NaF,latent_thermal,0.2266666666666666,67.9265756,10.362,"0 : Alibaba (Bulk), Alok 2021, Alva 2018, Steinmann 2022, 1 : Alok 2021, Alva 2018",Alok 2021,45.71470588235295
LiF/NaF2/MgF2,latent_thermal,0.2388888888888889,88.2402095,,,Alok 2021,
LiOH,latent_thermal,0.2425,23.947,90.3915,"Alibaba (Bulk), Alva 2018",Alva 2018,372.7484536082474
Mg,latent_thermal,0.1077777777777777,24.305,2.408,"Alibaba (Bulk), ISE, Kim 2013, Li 2017, USGS",Alok 2021,22.34226804123713
Mg/Ca (84/16),latent_thermal,0.0755555555555555,64.38300000000001,1.1394365613283008,"0 : Alibaba (Bulk), ISE, Kim 2013, Li 2017, USGS, 1 : ISE, Kim 2013, SMM",Alva 2018,15.080778017580464
Mg/Cu/Zn (60/25/15),latent_thermal,0.0705555555555555,153.231,1.0990010860248831,"0 : Alibaba (Bulk), ISE, Kim 2013, Li 2017, USGS, 1 : Alibaba (Bulk), Alok 2021, SMM, USGS, 2 : Alibaba (Bulk), Kim 2013, Li 2017, SMM, USGS",Alva 2018,15.576393345234576
Mg/Si/Zn (47/38/15),latent_thermal,0.0872222222222222,117.77,0.5906001376639114,"0 : Alibaba (Bulk), ISE, Kim 2013, Li 2017, USGS, 1 : Alibaba (Bulk), Alok 2021, ISE, USGS, 2 : Alibaba (Bulk), Kim 2013, Li 2017, SMM, USGS",Alva 2018,6.771211769395165
Mg2CO3,latent_thermal,0.1938888888888889,,,,Alok 2021,
MgCl2,latent_thermal,0.1258333333333333,95.205,27.671,"Alok 2021, Alva 2018","Alok 2021, Alva 2018",219.90198675496694
MgF2,latent_thermal,0.2605555555555555,62.3018063,0.87,Alok 2021,Alok 2021,3.3390191897654593
MgSO4,latent_thermal,0.0338888888888888,120.361,6.906071428571428,"Alibaba (Bulk), Alva 2018",Alva 2018,203.7857142857148
Na2CO3,latent_thermal,0.0612499999999999,105.9875386,0.2210714285714285,"Alibaba (Bulk), Alok 2021, Alva 2018, Liu 2016, USGS","Alok 2021, Alva 2018",3.6093294460641445
Na2SO4,latent_thermal,0.0458333333333333,142.0355386,0.076,"Alibaba (Bulk), Alva 2018, Li 2017",Alva 2018,1.6581818181818193
NaCl,latent_thermal,0.1252777777777777,58.4397693,0.0976013513373986,"Alibaba (Bulk), Alok 2021, Alva 2018, Li 2017, Steinmann 2022, USGS","Alok 2021, Alva 2018",0.7790795228705879
NaCl/NaBr/Na2MoO4,latent_thermal,0.0466666666666666,161.3335386,,,Alok 2021,
NaF,latent_thermal,0.2205555555555555,41.9881724,4.605,"Alok 2021, Alva 2018","Alok 2021, Alva 2018",20.87909319899245
NaF/CaF2/MgF2,latent_thermal,0.158611111111111,182.364785,3.169311428571429,"0 : Alok 2021, Alva 2018, 1 : Alibaba (Bulk), Alok 2021, Alva 2018, USGS, 2 : Alok 2021",Alok 2021,19.981648236177147
NaF/MgF2,latent_thermal,0.1741666666666666,104.2899787,3.67125,"0 : Alok 2021, Alva 2018, 1 : Alok 2021",Alok 2021,21.078947368421062
NaF/MgF2/KF,latent_thermal,0.1805555555555555,162.3866819,19.785200000000003,"0 : Alok 2021, Alva 2018, 1 : Alok 2021, 2 : Alok 2021, Alva 2018",Alok 2021,109.57956923076928
NaNO3,latent_thermal,0.0484722222222221,84.9937693,0.6,"Alibaba (Bulk), Alva 2018, Steinmann 2022","Alva 2018, Steinmann 2022",12.378223495702038
NaOH,latent_thermal,0.0458333333333333,39.9967693,2.22,"Alva 2018, Li 2017",Alva 2018,48.43636363636367
Ni,latent_thermal,0.0833333333333333,58.6934,7.330293619246726,"Alibaba (Bulk), Alok 2021, SMM, USGS",Alok 2021,87.96352343096075
Si,latent_thermal,0.4972222222222222,28.085,1.35,"Alibaba (Bulk), Alok 2021, ISE, USGS",Alok 2021,2.715083798882682
Si/Mg (56/44),latent_thermal,0.2102777777777777,52.39,0.8968103378507349,"0 : Alibaba (Bulk), Alok 2021, ISE, USGS, 1 : Alibaba (Bulk), ISE, Kim 2013, Li 2017, USGS",Alva 2018,4.264884037335069
Si/Mg/Ca (49/30/21),latent_thermal,0.0847222222222222,92.468,0.7342671093567507,"0 : Alibaba (Bulk), Alok 2021, ISE, USGS, 1 : Alibaba (Bulk), ISE, Kim 2013, Li 2017, USGS, 2 : ISE, Kim 2013, SMM",Alva 2018,8.666759323555093
V,latent_thermal,0.125,50.9415,299.32,"Alok 2021, SMM",Alok 2021,2394.56
Zn,latent_thermal,0.0405555555555555,65.38,2.818389559771475,"Alibaba (Bulk), Kim 2013, Li 2017, SMM, USGS",Alok 2021,69.49453709025565
Zn/Al (96/4),latent_thermal,0.0383333333333333,92.3615384,1.941806968448077,"0 : Alibaba (Bulk), Kim 2013, Li 2017, SMM, USGS, 1 : Alibaba (Bulk), Alok 2021, Kale 2018, Kim 2013, SMM, Steinmann 2022, USGS",Alva 2018,50.65583395951509
Zn/Mg (52/48),latent_thermal,0.05,89.685,1.3255458250607386,"0 : Alibaba (Bulk), ISE, Kim 2013, Li 2017, USGS, 1 : Alibaba (Bulk), Kim 2013, Li 2017, SMM, USGS",Alva 2018,26.51091650121477
Zn/Mg (53.7/46.3),latent_thermal,0.0513888888888888,89.685,1.3017115408426017,"0 : Alibaba (Bulk), ISE, Kim 2013, Li 2017, USGS, 1 : Alibaba (Bulk), Kim 2013, Li 2017, SMM, USGS",Alva 2018,25.330602956937156
ZnCl2,latent_thermal,0.0208333333333333,136.28,7.5226225,"Alibaba (Bulk), Alva 2018",Alva 2018,361.08588000000054
AS4-3501–6,virial,0.2994273343110552,,31.38,Kale 2018,Kale 2018,104.80005131195335
AS4–8552,virial,0.3291235115902206,,31.38,Kale 2018,Kale 2018,95.34414557131387
Al-2024,virial,0.04189731247492981,26.9815384,2.2725,"Alibaba (Bulk), Alok 2021, Kale 2018, Kim 2013, SMM, Steinmann 2022, USGS",Kale 2018,54.239755864049776
Al-6061-T6,virial,0.028187781877818778,26.9815384,2.2725,"Alibaba (Bulk), Alok 2021, Kale 2018, Kim 2013, SMM, Steinmann 2022, USGS",Kale 2018,80.62003636363636
Al-7075-T6,virial,0.046296296296296294,26.9815384,2.2725,"Alibaba (Bulk), Alok 2021, Kale 2018, Kim 2013, SMM, Steinmann 2022, USGS",Kale 2018,49.086
Carbon-Steel-1020,virial,0.01522108843537415,55.845,1.509083333333333,"Alibaba (Bulk), Kale 2018",Kale 2018,99.14424581005585
E-Glass Epoxy,virial,0.11072307856989937,,24.815,Kale 2018,Kale 2018,224.11768459214505
IM7-8551–7,virial,0.36619370323309325,,31.38,Kale 2018,Kale 2018,85.69235277108436
IM7–8552,virial,0.38588021270640915,,31.38,Kale 2018,Kale 2018,81.32057298277425
Kevlar-49 Epoxy,virial,0.16588391136801542,,27.1,Kale 2018,Kale 2018,163.3672595281307
S-2 Glass Epoxy,virial,0.20655628031443382,,24.815,Kale 2018,Kale 2018,120.13674898785428
Stainless-Steel-15-7,virial,0.026981022743734612,55.845,1.509083333333333,"Alibaba (Bulk), Kale 2018",Kale 2018,55.93128724832213
Stainless-Steel-440C,virial,0.04401154401154401,55.845,1.509083333333333,"Alibaba (Bulk), Kale 2018",Kale 2018,34.28835245901639
Stainless-Steel-455,virial,0.0533004009163803,55.845,1.509083333333333,"Alibaba (Bulk), Kale 2018",Kale 2018,28.312795164539953
Steel-18Ni-300,virial,0.02618850193477059,55.845,1.509083333333333,"Alibaba (Bulk), Kale 2018",Kale 2018,57.62388918205804
Steel-4340,virial,0.016631280962491155,55.845,1.509083333333333,"Alibaba (Bulk), Kale 2018",Kale 2018,90.73764893617019
T300-BSL914C,virial,0.21381227282446014,,31.38,Kale 2018,Kale 2018,146.76425999999998
T300-PR319,virial,0.2069995731967563,,31.38,Kale 2018,Kale 2018,151.59451546391753
2D TiS2 nanocrystals,pseudocapacitor,0.07899999999999999,111.987,80.0,Li 2017,Choi 2015,1012.6582278481014
3D Co3O4 nanonetworks,pseudocapacitor,0.24921875,240.795582,17.18,"Alibaba (Bulk), ISE",Choi 2015,68.93542319749217
3D porous graphene-like carbon,ELDC,0.1449652777777778,72.066,90.0,Graphene Lab,Choi 2015,620.8383233532934
Au-MnO2 core-shell,pseudocapacitor,0.2911111111111111,283.902613,16733.911261533336,"0 : USGS, 1 : Alibaba (Bulk), Alibaba (Manual Search), ISE, Li 2017",Choi 2015,57482.901280076345
Carbon nanosheets,ELDC,0.33772569444444445,72.066,1.700829167386568,"Alibaba (Bulk), Li 2017, Liu 2016, USGS",Choi 2015,5.036126049527904
Carbonization of carbon hydrates,ELDC,0.012444444444444447,72.066,1.700829167386568,"Alibaba (Bulk), Li 2017, Liu 2016, USGS",Choi 2015,136.67377237927775
Carbonized hollow nanocarbon,ELDC,0.019293750000000002,72.066,1.700829167386568,"Alibaba (Bulk), Li 2017, Liu 2016, USGS",Choi 2015,88.15441100805016
Co(OH)2 nanosheets,pseudocapacitor,0.06267361111111111,,,,Choi 2015,
Co3O4 nanostructures,pseudocapacitor,0.02782222222222223,240.795582,17.18,"Alibaba (Bulk), ISE",Choi 2015,617.4920127795525
CoAl/PEDOT nanoarrays,pseudocapacitor,0.0274,226.0707324,244888.163152581,"0 : Alibaba (Bulk), ISE, USGS, 1 : Alibaba (Bulk), Alok 2021, Kale 2018, Kim 2013, SMM, Steinmann 2022, USGS, 2 : Sigma Aldrich",Choi 2015,8937524.202648941
CoCl2 nanostructures,pseudocapacitor,0.05518125,129.833194,10.494,"Alibaba (Bulk), ISE",Choi 2015,190.17329255861364
CoO/PPy nanowires,pseudocapacitor,0.5102222222222224,143.031194,3426.7682101933656,"0 : ISE, 1 : Sigma Aldrich",Choi 2015,6716.226892800584
CuO nanowires,pseudocapacitor,0.00309375,79.545,17.8,Alibaba (Manual Search),Choi 2015,5753.535353535353
Fe2O3/MnO2 nanowires,pseudocapacitor,0.03295,246.623043,0.3148261782078793,"0 : Alibaba (Bulk), Olympios 2021, USGS, 1 : Alibaba (Bulk), Alibaba (Manual Search), ISE, Li 2017",Choi 2015,9.55466398202972
GO-activate carbon,ELDC,0.20842013888888888,102.092,400.0,Alibaba (Manual Entry),Choi 2015,1919.2003331945023
Graphene-coated CNTs,ELDC,0.11875,144.132,47.5,"0 : Graphene Lab, 1 : Alibaba (Manual Entry)",Choi 2015,400.0
Graphene/CNF,ELDC,0.054375,144.132,22.925207291846643,"0 : Graphene Lab, 1 : Alibaba (Bulk), Li 2017, Liu 2016, USGS",Choi 2015,421.61300766614517
Graphene/CNT,ELDC,0.44222222222222224,144.132,47.5,"0 : Graphene Lab, 1 : Alibaba (Manual Entry)",Choi 2015,107.41206030150754
Graphene/CNT composite fibers,ELDC,0.0018222222222222227,144.132,47.5,"0 : Graphene Lab, 1 : Alibaba (Manual Entry)",Choi 2015,26067.0731707317
Graphene/carbon,ELDC,0.2977430555555556,144.132,22.925207291846643,"0 : Graphene Lab, 1 : Alibaba (Bulk), Li 2017, Liu 2016, USGS",Choi 2015,76.99661457786394
Halogen-containing nanoporous carbon,ELDC,0.029375,72.066,1.700829167386568,"Alibaba (Bulk), Li 2017, Liu 2016, USGS",Choi 2015,57.90056740039381
Hollow NiCo2S4 nanoplates,pseudocapacitor,0.011597222222222222,,,,Choi 2015,
Mesoporous carbon nanosheets,ELDC,0.11643750000000001,72.066,1.700829167386568,"Alibaba (Bulk), Li 2017, Liu 2016, USGS",Choi 2015,14.607228490705896
Mesoporous graphene nanoballs,ELDC,0.018311111111111115,72.066,90.0,Graphene Lab,Choi 2015,4915.04854368932
N-doped 3D nanoporous carbon,ELDC,0.03680555555555556,72.066,1.700829167386568,"Alibaba (Bulk), Li 2017, Liu 2016, USGS",Choi 2015,46.21120756672939
N-doped carbon nanosheets,ELDC,0.022916666666666665,72.066,1.700829167386568,"Alibaba (Bulk), Li 2017, Liu 2016, USGS",Choi 2015,74.21800003141388
N-doped carbon nanospheres,ELDC,0.017777777777777778,72.066,1.700829167386568,"Alibaba (Bulk), Li 2017, Liu 2016, USGS",Choi 2015,95.67164066549445
N-doped nanoporous carbon,ELDC,0.022916666666666665,72.066,1.700829167386568,"Alibaba (Bulk), Li 2017, Liu 2016, USGS",Choi 2015,74.21800003141388
Nanofibers/mesoporous carbon,ELDC,0.007600000000000002,72.066,1.700829167386568,"Alibaba (Bulk), Li 2017, Liu 2016, USGS",Choi 2015,223.79331149823258
Nanoporous Ni(OH)2 films,pseudocapacitor,0.0376888888888889,92.7074,7.0,"Alibaba (Bulk), Alibaba (Manual Search), Li 2017",Choi 2015,185.73113207547166
Nanoporous carbon,ELDC,0.21947916666666667,72.066,1.700829167386568,"Alibaba (Bulk), Li 2017, Liu 2016, USGS",Choi 2015,7.749387758382085
Nanoporous carbon foams,ELDC,0.04235000000000001,72.066,1.700829167386568,"Alibaba (Bulk), Li 2017, Liu 2016, USGS",Choi 2015,40.16125542825425
Ni2(CO3)(OH)2 nanosheets,pseudocapacitor,0.01988888888888889,,,,Choi 2015,
NiCo2(OH)6 nanotubes,pseudocapacitor,0.00640625,,,,Choi 2015,
NiCo2O4 nanosheets,pseudocapacitor,0.058784722222222224,,,,Choi 2015,
NiO nanoblocks,pseudocapacitor,0.0504,,,,Choi 2015,
Oxygen-rich nanoporous carbon,ELDC,0.035208333333333335,72.066,1.700829167386568,"Alibaba (Bulk), Li 2017, Liu 2016, USGS",Choi 2015,48.30757398494394
PANI nanofibers,pseudocapacitor,0.009422222222222224,108.144,18000.0,Sigma Aldrich,Choi 2015,1910377.3584905656
PANI nanotubes,pseudocapacitor,0.023836805555555556,108.144,18000.0,Sigma Aldrich,Choi 2015,755134.7414420976
PPy nanofibrils,pseudocapacitor,0.019055555555555555,68.099,14360.0,Sigma Aldrich,Choi 2015,753586.0058309038
PPy-PANI double-wall,pseudocapacitor,0.026475000000000002,176.243,8296.765375078727,"0 : Sigma Aldrich, 1 : Sigma Aldrich",Choi 2015,313381.1284260142
PPy-clay core-shell nanoarrays,pseudocapacitor,0.40919999999999995,68.099,14360.0,Sigma Aldrich,Choi 2015,35092.86412512219
PPy-sepiolite nanocomposites,pseudocapacitor,0.022916666666666665,369.018,1355.952002476844,"0 : Sigma Aldrich, 1 : Sigma Aldrich",Choi 2015,59168.81465353502
Polythiophene nanostructures,pseudocapacitor,0.3611111111111111,,,,Choi 2015,
Porous CNTs,ELDC,0.03960833333333333,72.066,100.0,Alibaba (Manual Entry),Choi 2015,2524.721228697665
Porous carbon nanowhiskers,ELDC,0.02326388888888889,72.066,1.700829167386568,"Alibaba (Bulk), Li 2017, Liu 2016, USGS",Choi 2015,73.11026868766143
Porous carbon/CNTs,ELDC,0.020362500000000002,144.132,25.425207291846643,"0 : Alibaba (Bulk), Li 2017, Liu 2016, USGS, 1 : Alibaba (Manual Entry)",Choi 2015,1248.6289646087976
RGO/CNT,ELDC,0.03,174.15800000000002,137.93049989090363,"0 : Alibaba (Manual Entry), 1 : Alibaba (Manual Entry)",Choi 2015,4597.683329696788
V2O5-PPy nanofibers,pseudocapacitor,0.2288888888888889,249.97699999999998,1963.370110327163,"0 : ISE, SMM, 1 : Sigma Aldrich",Choi 2015,8577.830579099256
ZnCo2O4 nanorods/Ni foams,pseudocapacitor,0.16770833333333332,58.6934,,,Choi 2015,
Al2O3,dielectric_capacitor,0.0007779535864978904,101.9600768,0.8858555555555556,"Liu 2016, SMM, Steinmann 2022, USGS",TODO,1138.6997514124294
Block Stacking,gravitational,0.0002725,162.0430768,0.05,"Alibaba (Bulk), Steinmann 2022, USGS",,183.4862385321101
Pumped Hydro,gravitational,0.0008175,,0.261,Calculation/Black and Veatch,,319.26605504587155
