,original_name,specific_price,source,year,molecular_formula,notes,vol_price,material_name,index_use,molecular_formula_norm,specific_strength
unit_row,N/U,USD / kilogram,N/U,N/U,N/U,N/U,USD / meter ** 3,N/U,N/U,N/U,centimeter ** 3 * megapascal / gram
index,,,,,,,,,,,
Al,ALUMINIUM,2.547458918434419,DERA,2022.0,,,,,,,
Al2O3,ALUMINIUMOXID,1.1528176735733497,DERA,2022.0,,,,,,,
Pb,BLEI,2.3527283494814117,DERA,2022.0,,,,,,,
Iron Ore,EISENERZ,0.11811526313543046,DERA,2022.0,,,,,,,
CaF2,FLUSSSPAT,0.6872286521689644,DERA,2022.0,,,,,,,
CaF2,FLUSSSPAT,0.4821762989599784,DERA,2022.0,,,,,,,
Ga,GALLIUM,437.6968575269965,DERA,2022.0,,,,,,,
Au,GOLD,62402.061775677066,DERA,2022.0,,,,,,,
Graphite,GRAPHIT,1.5392866219926873,DERA,2022.0,,,,,,,
Co,KOBALT,54.53094391566008,DERA,2022.0,,,,,,,
Cu,KUPFER,8.902272895414516,DERA,2022.0,,,,,,,
Li2CO3,LITHIUM,72.68699838855692,DERA,2022.0,,,,,,,
Li2CO3,LITHIUM,72.86966864427278,DERA,2022.0,,,,,,,
MgCO3,MAGNESIT,0.4589336626083061,DERA,2022.0,,,,,,,
MgO,MAGNESIT,0.5606537823495099,DERA,2022.0,,,,,,,
MgO,MAGNESIT,0.9511470986811218,DERA,2022.0,,,,,,,
MgCO3,MAGNESIT,0.15430830168060952,DERA,2022.0,,,,,,,
FeMn,MANGAN,1.3469715633758732,DERA,2022.0,,,,,,,
FeMo,MOLYBDAN,48.06546338583238,DERA,2022.0,,,,,,,
Ni,NICKEL,30.68655818287877,DERA,2022.0,,,,,,,
Nb2O5,NIOB,39.22278017272042,DERA,2022.0,,,,,,,
Nb2O5,NIOB,43.42598097799024,DERA,2022.0,,,,,,,
Pd,PALLADIUM,62402.061775677066,DERA,2022.0,,,,,,,
Pt,PLATIN,34622.19655536469,DERA,2022.0,,,,,,,
CeO2,Cerium (oxide),1.4897420575639877,DERA,2022.0,,,,,,,
Dy,Dysprosium (metal),524.6871526740365,DERA,2022.0,,,,,,,
Dy2O3,Dysprosium (oxide),406.571889538606,DERA,2022.0,,,,,,,
Er2O3,Erbium (oxide),56.90814659894433,DERA,2022.0,,,,,,,
Eu2O3,Europium (oxide),31.667659737931626,DERA,2022.0,,,,,,,
La2O3,Lanthanum (oxide),1.4365369840795597,DERA,2022.0,,,,,,,
La2O3,Lanthanum (oxide),6.256916641768749,DERA,2022.0,,,,,,,
Nd,Neodymium (metal),175.04469176376855,DERA,2022.0,,,,,,,
Nd2O3,Neodymium (oxide),142.33421258554213,DERA,2022.0,,,,,,,
Pr,Praseodymium (metal),185.50480921080714,DERA,2022.0,,,,,,,
Pr2O3,Praseodymium (oxide),123.68051382190164,DERA,2022.0,,,,,,,
Sm,Samarium (metal),16.47229075077895,DERA,2022.0,,,,,,,
Sm2O3,Samarium (oxide),3.9797394966352244,DERA,2022.0,,,,,,,
Sc2O3,Scandium (oxide),815.3045435215616,DERA,2022.0,,,,,,,
Tb,Terbium (metal),2751.3726830708383,DERA,2022.0,,,,,,,
Tb4O7,Terbium (oxide),2175.427762601904,DERA,2022.0,,,,,,,
Y,Yttrium (metal),43.159955610568105,DERA,2022.0,,,,,,,
Y2O3,Yttrium (oxide),12.620243430506353,DERA,2022.0,,,,,,,
Ag,SILBER,795.0789011330783,DERA,2022.0,,,,,,,
FeSi,SILIZIUM,1.9696198973494388,DERA,2022.0,,,,,,,
Ta2O5,TANTAL,209.64927155804062,DERA,2022.0,,,,,,,
Ta2O5,TANTAL,294.4049536187346,DERA,2022.0,,,,,,,
Te,TELLUR,75.67889652425058,DERA,2022.0,,,,,,,
FeTi,Ferrotitan,12.524474298234383,DERA,2022.0,,,,,,,
FeTiO3,Ilmenite concentrate,0.4236507181271074,DERA,2022.0,,,,,,,
TiO2,TITAN,4.614006531095011,DERA,2022.0,,,,,,,
TiO2,TITAN,2.255194096332537,DERA,2022.0,,,,,,,
V,VANADIUM,41.48931630315706,DERA,2022.0,,,,,,,
W,WOLFRAM,43.617519242534186,DERA,2022.0,,,,,,,
W,WOLFRAM,47.384438445231694,DERA,2022.0,,,,,,,
Zn,ZINK,3.327445295716135,DERA,2022.0,,,,,,,
Sn,ZINN,25.61717878128246,DERA,2022.0,,,,,,,
Zr,ZIRKON,2.1652230295075907,DERA,2022.0,,,,,,,
Fossil CH4,,0.33224045150911263,EIA Henry Hub,2022.0,CH4,Average over last 10 Years,,,,,
Ag,Silver Bullion,718.8184801905409,USGS,2022.0,Ag,,,,,,
Al,Aluminum Ingot,2.830494812281822,USGS,2022.0,Al,,,,,,
Al2O3,Bauxite and Alumina Alumina,0.6340997322442066,USGS,2022.0,Al2O3,,,,,,
AlSc,Scandium Mtl_Alloy,403.3711741369571,USGS,2022.0,AlSc,,,,,,
As,Arsenic Mtl-CN,1.8313631424630907,USGS,2022.0,As,,,,,,
As2O3,"Arsenic Triox-CN, Arsenic Triox-MA",0.7215938399992533,USGS,2022.0,As2O3,,,,,,
Asbestos,Asbestos Customs,2.407405721626361,USGS,2022.0,Mg3Si2O5(OH)4,,,,,,
Au,Gold ,56988.924488090845,USGS,2022.0,Au,,,,,,
B,Boron CIF,0.5071965863932519,USGS,2022.0,B,,,,,,
Barite,Barite ,0.2345255960538755,USGS,2022.0,BaSO4,,,,,,
Bauxite,Bauxite and Alumina Bauxite,0.03976944947748394,USGS,2022.0,AlHO2,,,,,,
Be,Beryllium Alloy,730.8285071434983,USGS,2022.0,Be,,,,,,
Bi,Bismuth ,10.034795754754827,USGS,2022.0,Bi,,,,,,
Br2,Bromine Imports,2.8909397141432085,USGS,2022.0,Br2,,,,,,
C6H12O6Sc,Scandium Cmpds_Acetate,52432.708676910835,USGS,2022.0,C6H12O6Sc,,,,,,
CaF2,"Fluorspar Acid, Fluorspar Metallurgical",0.3380263364706672,USGS,2022.0,CaF2,,,,,,
CaO,"Lime Hydrated, Lime Quicklime",0.18497413681952313,USGS,2022.0,CaO,,,,,,
CaSO4,"Gypsum Mine, Gypsum Plant",0.023573347455088257,USGS,2022.0,CaSO4,,,,,,
Cd,Cadmium Metal,2.864207542061962,USGS,2022.0,Cd,,,,,,
CeO2,Rare Earths CeO2,2.3723544856114964,USGS,2022.0,CeO2,,,,,,
Celestite,Strontium ,0.10668820876901251,USGS,2022.0,SrSO4,,,,,,
Cement,Cement Avg,0.15942515329823329,USGS,2022.0,CaAl2O6Si,,,,,,
Clay,"Clays Ball, Clays Bentonite, Clays Common, Clays Fire, Clays Fullers, Clays Kaolin",0.09404033756298803,USGS,2022.0,Al2O5Si,,,,,,
Co,"Cobalt LME, Cobalt Spot",60.25005775942934,USGS,2022.0,Co,,,,,,
Cr,Chromium Metal,12.288364210481918,USGS,2022.0,Cr,,,,,,
CrFeO4,Chromium Ore,0.30828291236714395,USGS,2022.0,CrFeO4,,,,,,
Cu,"Copper COMEX, Copper LME, Copper US",8.121998364916688,USGS,2022.0,Cu,,,,,,
Diamond,"Diamond (Industrial) Bort_Imports, Diamond (Industrial) Stones_Imports",25360.443466923934,USGS,2022.0,C,,,,,,
Diatomite,Diatomite ,0.44225543620300267,USGS,2022.0,SiO2,,,,,,
Dy2O3,Rare Earths Dy2O3,298.129826792715,USGS,2022.0,Dy2O3,,,,,,
Eu2O3,Rare Earths Eu2O3,54.36714039607376,USGS,2022.0,Eu2O3,,,,,,
Fe,"Iron and Steel Scrap , Iron and Steel Slag ",0.21308980179143797,USGS,2022.0,Fe,,,,,,
FeCr,Chromium Ferrrochromium,3.004020328379169,USGS,2022.0,FeCr,,,,,,
FeSi2,"Silicon FeSi2_50, Silicon FeSi2_75",2.676097012450315,USGS,2022.0,FeSi2,,,,,,
FeTiO3,"Titanium Mineral Concentrates Ilmenite, Titanium Mineral Concentrates Ilmente_Leucoxene",0.4495113078893466,USGS,2022.0,FeTiO3,,,,,,
Feldspar,Feldspar and Nepheline Syenite Feldspar,0.1260354647244804,USGS,2022.0,AlKO8Si3,,,,,,
Ga,"Gallium High-purity, Gallium Low-purity, Garnet (Industrial) Import",280.1534103365395,USGS,2022.0,Ga,,,,,,
Ge,Germanium Metal,1449.975532169272,USGS,2022.0,Ge,,,,,,
GeO2,Germanium GeO2,1002.868329142615,USGS,2022.0,GeO2,,,,,,
Graphite,"Graphite (Natural) Amorphous, Graphite (Natural) Flake, Graphite (Natural) Lump",1.8934307423849959,USGS,2022.0,C6,,,,,,
Gravel,"Sand and Gravel (Construction) , Sand and Gravel (Industrial) ",0.034766181191691045,USGS,2022.0,C15H21NO,,,,,,
H3N,Nitrogen (Fixed)--Ammonia ,0.38825540540398884,USGS,2022.0,H3N,,,,,,
Hf,Zirconium and Hafnium Hf_unwrought,1.0733733834607546,USGS,2022.0,Hf,,,,,,
Hg,"Mercury EU, Mercury Global",56.97713362210383,USGS,2022.0,Hg,,,,,,
I2,Iodine Crude_CIF,31.151501804675238,USGS,2022.0,I2,,,,,,
In,"Indium FOB, Indium NY, Indium Rotterdam",316.9802176649788,USGS,2022.0,In,,,,,,
Ir,Platinum-Group Metals Iridium,2.7593677394081393,USGS,2022.0,Ir,,,,,,
Iron Ore,Iron Ore ,0.11746763902659042,USGS,2022.0,Fe2O3,,,,,,
Iron Oxide Pigment,Iron Oxide Pigments ,1.2322731337965056,USGS,2022.0,Fe2O3,,,,,,
K2O,Potash All,1.0879861402977076,USGS,2022.0,K2O,,,,,,
KCl,Potash Muriate,0.6079414415940982,USGS,2022.0,KCl,,,,,,
La2O3,Rare Earths La2O3,2.3723544856114964,USGS,2022.0,La2O3,,,,,,
Li2CO3,Lithium ,18.25715606658781,USGS,2022.0,Li2CO3,,,,,,
Metallurgical Silicon,Silicon Si,3.102195615884906,USGS,2022.0,Si,,,,,,
Mg,"Magnesium Metal European, Magnesium Metal US_spot",1.9669088927147225,USGS,2022.0,Mg,,,,,,
Mischmetal,Rare Earths Mischmetal,6.885122657287255,USGS,2022.0,C3CeH8LaNd,,,,,,
Mn,Manganese CN_CIF,0.00748657962499053,USGS,2022.0,Mn,,,,,,
Mo,Molybdenum ,30.126698751325147,USGS,2022.0,Mo,,,,,,
Na2CO3,Soda Ash ,0.18673216539551105,USGS,2022.0,Na2CO3,,,,,,
NaCl,"Salt Brine, Salt Rock, Salt Solar, Salt Vacuum",0.13148731220781582,USGS,2022.0,NaCl,,,,,,
Nb,Niobium (Columbium) ,24.91000576607644,USGS,2022.0,Nb,,,,,,
Nd2O3,Rare Earths Nd2O3,57.6596414881215,USGS,2022.0,Nd2O3,,,,,,
Ni,Nickel ,9.012931697282262,USGS,2022.0,Ni,,,,,,
Pb,"Lead LME, Lead North_American",2.6344748117141186,USGS,2022.0,Pb,,,,,,
Pd,Platinum-Group Metals Palladium,2.13729365477956,USGS,2022.0,Pd,,,,,,
Peat,Peat ,0.033441257141781526,USGS,2022.0,K,,,,,,
Perlite,Perlite FOB,0.08589487076733521,USGS,2022.0,Al2CaFe2K2MgNa2O12Si,,,,,,
Phosphorite,Phosphate Rock ,0.09495887679657722,USGS,2022.0,Ca5(PO4)3F,,,,,,
Pt,Platinum-Group Metals Platinum,1.2494886078931315,USGS,2022.0,Pt,,,,,,
Pumice,Pumice and Pumicite ,0.04243860427015772,USGS,2022.0,C28FH37O7,,,,,,
Quartz,"Quartz Crystal (Industrial) Cultured, Quartz Crystal (Industrial) Lumbered",389.4142032659936,USGS,2022.0,SiO2,,,,,,
Re,"Rhenium Metal, Rhenium NH4ReO4",1510.6471445277873,USGS,2022.0,Re,,,,,,
Rh,Platinum-Group Metals Rhodium,10.83735702550701,USGS,2022.0,Rh,,,,,,
Ru,Platinum-Group Metals Ruthenium,0.35280846153837125,USGS,2022.0,Ru,,,,,,
S,Sulfur Sulfur,0.07652988175154755,USGS,2022.0,S,,,,,,
Sb,Antimony Metal,9.656200619433985,USGS,2022.0,Sb,,,,,,
Sc,"Scandium Mtl_Dendritic, Scandium Mtl_Ingot",216383.42817943112,USGS,2022.0,Sc,,,,,,
Sc2O3,Scandium Cmpds_Oxide,4555.493401947421,USGS,2022.0,Sc2O3,,,,,,
ScCl3,Scandium Cmpds_Chloride,153576.9885097369,USGS,2022.0,ScCl3,,,,,,
ScF3,Scandium Cmpds_Fluoride,266702.50552626717,USGS,2022.0,ScF3,,,,,,
ScI3,Scandium Cmpds_Iodide,196409.9471685205,USGS,2022.0,ScI3,,,,,,
Se,Selenium ,29.623531854859692,USGS,2022.0,Se,,,,,,
Sn,"Tin LME, Tin NY",26.27886737413177,USGS,2022.0,Sn,,,,,,
Stone,Stone (Crushed) Average,0.015718727988057377,USGS,2022.0,Al2O5Si,,,,,,
Syenite,Feldspar and Nepheline Syenite Nepheline_syenite,0.16220569651331165,USGS,2022.0,Al2KNaO8Si2 ,,,,,,
Ta2O5,Tantalum Ta2O5,210.2710613081258,USGS,2022.0,Ta2O5,,,,,,
Talc,Talc and Pyrophyllite  ,0.31724392631852905,USGS,2022.0,H2Mg3O12Si4,,,,,,
TbO2,Rare Earths TbO2,806.5572912350149,USGS,2022.0,TbO2,,,,,,
Te,Tellurium ,70.03166000845394,USGS,2022.0,Te,,,,,,
Th,Thorium ,87.47035169834201,USGS,2022.0,Th,,,,,,
Ti,Titanium and Titanium Dioxide Sponge,13.340337159590403,USGS,2022.0,Ti,,,,,,
TiO2,"Titanium Mineral Concentrates Rutile, Titanium Mineral Concentrates Slag, Titanium and Titanium Dioxide Dioxide",1.99438170028197,USGS,2022.0,TiO2,,,,,,
Tl,Thallium Metal,9383.17353030448,USGS,2022.0,Tl,,,,,,
WO3,Tungsten WO3,0.3611460284357461,USGS,2022.0,WO3,,,,,,
Y,"Yttrium Metal, Yttrium Y2O3",22.995088371176827,USGS,2022.0,Y,,,,,,
Zn,"Zinc , Zinc LME",3.3454391219898767,USGS,2022.0,Zn,,,,,,
Zr,Zirconium and Hafnium Zr_CN,12.644338130334681,USGS,2022.0,Zr,,,,,,
ZrSO4,"Zirconium and Hafnium Zircon_AU, Zirconium and Hafnium Zircon_CN, Zirconium and Hafnium Zircon_import",507.0682484550616,USGS,2022.0,ZrSO4,,,,,,
kyanite,Kyanite and Related Minerals FOB,0.4685841931567766,USGS,2022.0,Al2H6O5Si,,,,,,
Water Reservoir Excavation,Pumped Hydro,,Black and Veatch 2012,2012.0,,Based on Black and Veatch 2012 reservoir cost numbers. ,67.07439076923077,,,,
Water Reservoir Excavation,Pumped Hydro,,Stocks 2021,2021.0,,Figure S1,43.15384615384616,,,,
NaNO3,NaNO3,7.241867614486802,Alva 2018,2018.0,NaNO3,,,,,,
KNO3,KNO3,8.448845550234601,Alva 2018,2018.0,KNO3,,,,,,
Mg(NO3)2,Mg (NO3)2,272.77701347900285,Alva 2018,2018.0,Mg(NO3)2,,,,,,
Na2CO3,Na2CO3,3.620933807243401,Alva 2018,2018.0,Na2CO3,,,,,,
K2CO3,K2CO3,8.448845550234601,Alva 2018,2018.0,K2CO3,,,,,,
CaCO3,CaCO3,9.655823485982403,Alva 2018,2018.0,CaCO3,,,,,,
Li2CO3,Li2CO3,133.97455086800585,Alva 2018,2018.0,Li2CO3,,,,,,
ZnCl2,ZnCl2,16.897691100469203,Alva 2018,2018.0,ZnCl2,,,,,,
NaCl,NaCl,3.3795382200938406,Alva 2018,2018.0,NaCl,,,,,,
KCl,KCl,9.173032311683283,Alva 2018,2018.0,KCl,,,,,,
MgCl2,MgCl2,66.38378646612902,Alva 2018,2018.0,MgCl2,,,,,,
LiCl,LiCl,66.38378646612902,Alva 2018,2018.0,LiCl,,,,,,
CaCl2,CaCl2,6.3969830594633414,Alva 2018,2018.0,CaCl2,,,,,,
Na2SO4,Na2SO4,4.103724981542521,Alva 2018,2018.0,Na2SO4,,,,,,
Li2SO4,Li2SO4,217.25602843460405,Alva 2018,2018.0,Li2SO4,,,,,,
K2SO4,K2SO4,9.957567969919353,Alva 2018,2018.0,K2SO4,,,,,,
MgSO4,MgSO4,16.535597719744864,Alva 2018,2018.0,MgSO4,,,,,,
CaSO4,CaSO4,32.58840426519061,Alva 2018,2018.0,CaSO4,,,,,,
LiF,LiF,265.5351458645161,Alva 2018,2018.0,LiF,,,,,,
NaF,NaF,9.173032311683283,Alva 2018,2018.0,NaF,,,,,,
KF,KF,245.01652095680348,Alva 2018,2018.0,KF,,,,,,
CaF2,CaF2,13.759548467524924,Alva 2018,2018.0,CaF2,,,,,,
NaOH,NaOH,4.948609536565981,Alva 2018,2018.0,NaOH,,,,,,
KOH,KOH,6.034889678739002,Alva 2018,2018.0,KOH,,,,,,
LiOH,LiOH,199.15135939838706,Alva 2018,2018.0,LiOH,,,,,,
Syltherm XLT,Syltherm XLT,35.48515131098533,Alva 2018,2018.0,,,,,,,
Vegetable Oil,Vegetable oil,1.0078265763494132,Alva 2018,2018.0,C57H104O9,,,,,,
HITEC XL,"HITEC XL, NaNO3e KNO3eCa(NO3)2",1.4363037435398822,Alva 2018,2018.0,(NaNO3)7(KNO3)45(Ca(NO3)2)48,,,,,,
Na,Sodium (Na),2.4139558714956006,Alva 2018,2018.0,Na,,,,,,
NaK,Sodium(22.2%)epotassium (77.8%) eutectic (NaK),2.4139558714956006,Alva 2018,2018.0,NaK,,,,,,
PbBi,Lead(44.5%)ebismuth(55.5%) eutectic (LBE),15.690713164721405,Alva 2018,2018.0,PbBi,,,,,,
N-propane,N-propane,0.6034889678739002,Antunez 2018,2018.0,,,,N-propane,material_name,,
Isopentane,Isopentane,1.4483735228973604,Antunez 2018,2018.0,,,,Isopentane,material_name,,
N-pentane,N-pentane,1.6897691100469203,Antunez 2018,2018.0,,,,N-pentane,material_name,,
Ethanol,Ethanol,0.6034889678739002,Antunez 2018,2018.0,,,,Ethanol,material_name,,
Methanol,Methanol,0.3620933807243401,Antunez 2018,2018.0,,,,Methanol,material_name,,
Water,Water,0.0024139558714956007,Antunez 2018,2018.0,,,,Water,material_name,,
Ethylene glycol,Ethylene glycol,0.9655823485982403,Antunez 2018,2018.0,,,,Ethylene glycol,material_name,,
Vegetable Oil,Sunflower oil,0.3620933807243401,Antunez 2018,2018.0,,,,Vegetable Oil,material_name,,
HITEC XL,Hitec XL,0.6034889678739002,Antunez 2018,2018.0,,,,HITEC XL,material_name,,
Solar Salt,Solar salt,0.6034889678739002,Antunez 2018,2018.0,,,,Solar Salt,material_name,,
Na,Sodium,2.4139558714956006,Antunez 2018,2018.0,Na,,,Na,molecular_formula,Na,
NaK,Eutectic Na-K,2.4139558714956006,Antunez 2018,2018.0,NaK,,,NaK,molecular_formula,KNa,
Salt Cavern,,,ETI 2018,2018.0,,,15.782601075017528,,,,
Ag,Silver,887.5072443822587,Huang 2021,2021.0,Ag,,,,,,
Ethyl cellulose,Ethyl cellulose,22.873898051089142,Huang 2021,2021.0,,,,,,,
PVDF,PVDF,23.67448448287726,Huang 2021,2021.0,,,,,,,
PTFE,PTFE,23.67448448287726,Huang 2021,2021.0,,,,,,,
Ethanol,Ethanol,0.480351859072872,Huang 2021,2021.0,,,,,,,
Terpineol,Terpineol,17.155423538316857,Huang 2021,2021.0,,,,,,,
Xylene,Xylene,8.38328363572417,Huang 2021,2021.0,,,,,,,
Sn,Sn,21.04398620700201,Huang 2021,2021.0,Sn,,,,,,
Al,"Al-2024, Al-6061-T6, Al-7075-T6",4.327382439975905,Kale 2018,2018.0,Al,,,,,,139.65766877885383
CFRP,"AS4-3501–6, AS4–8552, IM7-8551–7, IM7–8552, T300-BSL914C, T300-PR319",44.23233256235957,Kale 2018,2018.0,,,,,,,1301.6708948364242
GRE,"E-Glass Epoxy, S-2 Glass Epoxy",34.97850008078244,Kale 2018,2018.0,,,,,,,750.7827250869373
KFRP,Kevlar-49 Epoxy,38.19936942128568,Kale 2018,2018.0,,,,,,,995.6647398843932
Steel,"Carbon-Steel-1020, Stainless-Steel-15-7, Stainless-Steel-440C, Stainless-Steel-455, Steel-18Ni-300, Steel-4340",,Kale 2018,2018.0,Fe,,,,,,109.40030340257692
Li,Li,80.49535235640961,Kim 2013,2013.0,Li,,,,,,
Na,Na,3.221084095978357,Kim 2013,2013.0,Na,,,,,,
K,K,169.46270020440198,Kim 2013,2013.0,K,,,,,,
Mg,Mg,3.688206984818925,Kim 2013,2013.0,Mg,,,,,,
Ca,Ca,4.5382019219201375,Kim 2013,2013.0,Ca,,,,,,
Ba,Ba,7.757463490891217,Kim 2013,2013.0,Ba,,,,,,
Zn,Zn,2.980630653105722,Kim 2013,2013.0,Zn,,,,,,
Cd,Cd,4.507191661715938,Kim 2013,2013.0,Cd,,,,,,
Hg,Hg,1.7486865766336337,Kim 2013,2013.0,Hg,,,,,,
Al,Al,3.177891373459377,Kim 2013,2013.0,Al,,,,,,
Ga,Ga,950.2895015133846,Kim 2013,2013.0,Ga,,,,,,
In,In,837.3047649557767,Kim 2013,2013.0,In,,,,,,
Tl,Tl,7627.894396714047,Kim 2013,2013.0,Tl,,,,,,
Sn,Sn,35.020673502382095,Kim 2013,2013.0,Sn,,,,,,
Pb,Pb,3.2604339990999702,Kim 2013,2013.0,Pb,,,,,,
Sb,Sb,19.205679904735753,Kim 2013,2013.0,Sb,,,,,,
Bi,Bi,30.46157430043696,Kim 2013,2013.0,Bi,,,,,,
Te,Te,447.9853611495451,Kim 2013,2013.0,Te,,,,,,
Sand,Sand,0.9091931317428963,Liu 2016,2016.0,SiO2,,,,,,
Na2CO3,Na2CO3,0.2904366948623141,Liu 2016,2016.0,Na2CO3,,,,,,
K2CO3,K2CO3,1.3890450623849806,Liu 2016,2016.0,K2CO3,,,,,,
Li2CO3,Li2CO3,8.839377669722603,Liu 2016,2016.0,Li2CO3,,,,,,
Solar Salt,Solar Salt,0.6187564368805822,Liu 2016,2016.0,,,,,,,
H3N,Anhydrous,0.8839377669722602,Liu 2016,2016.0,H3N,,,,,,
Vermiculite,Vermiculite,0.41671351871549417,Liu 2016,2016.0,AlFeH3MgO6Si,,,,,,
H3N,Silica Gel,1.4016727447702986,Liu 2016,2016.0,H3N,,,,,,
Zeolite,Zeolite,2.437142700366375,Liu 2016,2016.0,Al2O5Si,,,,,,
Activated Carbon,Activated Carbon,3.4726126559624513,Liu 2016,2016.0,C,,,,,,
Graphite,Expanded Natural,2.7149517128433707,Liu 2016,2016.0,C6,,,,,,
Al2O3,Activated Alumina,1.6668540748619767,Liu 2016,2016.0,Al2O3,,,,,,
ClK,KCl,0.4419688834861301,Liu 2016,2016.0,ClK,,,,,,
Cl2Mg,MgCl2,0.2525536477063601,Liu 2016,2016.0,Cl2Mg,,,,,,
ClNa,NaCl,0.15153218862381604,Liu 2016,2016.0,ClNa,,,,,,
ClLi,LiCl,9.849592260548043,Liu 2016,2016.0,ClLi,,,,,,
Activated Carbon,Active carbon,36.95905517647495,Li 2017,2017.0,C,,,,,,
AQDS,AQDS,5.913448828235992,Li 2017,2017.0,C14H8O8S2,,,,,,
CaCl2,CaCl2,0.1355165356470748,Li 2017,2017.0,CaCl2,,,,,,
Cd(OH)2,Cd(OH)2,4.225651975176969,Li 2017,2017.0,Cd(OH)2,,,,,,
CrCl3,CrCl3 6H2O,4.228783679683466,Li 2017,2017.0,CrCl3,,,,,,
CuCl,CuCl,5.605456701765367,Li 2017,2017.0,CuCl,,,,,,
FeCl2,FeCl2,3.1168803198827204,Li 2017,2017.0,FeCl2,,,,,,
Water,DI H2O,0.0012319685058824984,Li 2017,2017.0,H2O,,,,,,
Graphite,Graphite,14.78362207058998,Li 2017,2017.0,C6,,,,,,
H2SO4,H2SO4,0.24639370117649967,Li 2017,2017.0,H2SO4,,,,,,
HBr,HBr,4.10245512458872,Li 2017,2017.0,HBr,,,,,,
HCl,HCl,0.8007795288236239,Li 2017,2017.0,HCl,,,,,,
KOH,KOH,1.0102141748236486,Li 2017,2017.0,KOH,,,,,,
LaNi5,LaNi5,12.381283484119109,Li 2017,2017.0,LaNi5,,,,,,
LCO,LCO,49.278740235299935,Li 2017,2017.0,LiCoO2,,,,,,
LFP,LFP,12.319685058824984,Li 2017,2017.0,LiFePO4,,,,,,
Li2S,Li2S,2.303781106000272,Li 2017,2017.0,Li2S,,,,,,
Li2SO4,Li2SO4,1.0471732300001235,Li 2017,2017.0,Li2SO4,,,,,,
LiOH,LiOH H2O,3.2813175309908935,Li 2017,2017.0,LiOH,,,,,,
Li,Lithium metal,61.66002371941904,Li 2017,2017.0,Li,,,,,,
LMO,LMO,12.319685058824984,Li 2017,2017.0,LiMn2O4,,,,,,
LMP,LMP,12.319685058824984,Li 2017,2017.0,LiMnPO4,,,,,,
LMNO,LNMO,24.639370117649968,Li 2017,2017.0,LiMn1.5Ni0.5O4,,,,,,
LTO,LTO,14.78362207058998,Li 2017,2017.0,Li4Ti5O12,,,,,,
Mg,Mg,2.993683469294471,Li 2017,2017.0,Mg,,,,,,
MnO2,MnO2,1.8725921289413974,Li 2017,2017.0,MnO2,,,,,,
MoS2,MoS2,36.983694546592595,Li 2017,2017.0,MoS2,,,,,,
Na,Na,3.695905517647495,Li 2017,2017.0,Na,,,,,,
Na2S,Na2S,0.8870173242353987,Li 2017,2017.0,Na2S,,,,,,
Na2SO4,Na2SO4,0.08623779541177488,Li 2017,2017.0,Na2SO4,,,,,,
Na2Zn(OH)4,Na2Zn(OH)4,0.8377385840000989,Li 2017,2017.0,Na2Zn(OH)4,,,,,,
NaBr,NaBr,1.8602724438825724,Li 2017,2017.0,NaBr,,,,,,
NaCl,NaCl,0.049278740235299934,Li 2017,2017.0,NaCl,,,,,,
NaOH,NaOH,0.41886929200004946,Li 2017,2017.0,NaOH,,,,,,
NCA,NCA,41.88692920000494,Li 2017,2017.0,LiNi0.8Co0.15Al0.05O2,,,,,,
NCM111,NCM111,24.639370117649968,Li 2017,2017.0,LiNi0.33Co0.33Mn0.33O2,,,,,,
NCM622,NCM622,30.799212647062458,Li 2017,2017.0,LiNi0.6Co0.2Mn0.2O2,,,,,,
NH4Cl,NH4Cl,0.17247559082354977,Li 2017,2017.0,NH4Cl,,,,,,
Ni(OH)2,Ni(OH)2,24.639370117649968,Li 2017,2017.0,Ni(OH)2,,,,,,
NiCl,NiCl2 6H2O,13.496861342924113,Li 2017,2017.0,NiCl,,,,,,
NMO,NMO,6.159842529412492,Li 2017,2017.0,Na0.44MnO2,,,,,,
NTP,NTP,12.319685058824984,Li 2017,2017.0,NaTi2(PO4)3,,,,,,
P2-NMO,P2-Na2Mn2NiO6,18.479527588237474,Li 2017,2017.0,Na0.67Mn0.67Ni0.33O2,,,,,,
Pb,Pb,1.8479527588237474,Li 2017,2017.0,Pb,,,,,,
Pb2Sb,Pb2Sb,3.695905517647495,Li 2017,2017.0,Pb2Sb,,,,,,
PPy-AC,PPy-AC,36.95905517647495,Li 2017,2017.0,,,,,,,
S,S,0.30799212647062457,Li 2017,2017.0,S,,,,,,
Polysilicon,Si,49.278740235299935,Li 2017,2017.0,Si,,,,,,
Ti2S4,Ti2S4,98.55748047059987,Li 2017,2017.0,Ti2S4,,,,,,
TiS2,TiS2,98.55748047059987,Li 2017,2017.0,TiS2,,,,,,
VOSO4,VOSO4 4H2O,18.121484154876256,Li 2017,2017.0,VOSO4,,,,,,
Zn,Zn,3.695905517647495,Li 2017,2017.0,Zn,,,,,,
Zn0.25V2O5,Zn0.25V2O5,12.319685058824984,Li 2017,2017.0,Zn0.25V2O5,,,,,,
ZnBr2,ZnBr2,1.9218708691766975,Li 2017,2017.0,ZnBr2,,,,,,
ZnSO4,ZnSO4 7H2O,0.8996692003114755,Li 2017,2017.0,ZnSO4,,,,,,
Air,,0.0,Li 2017,2017.0,O2,,,,,,
CuSO4,,1.8479527588237474,Li 2017,2017.0,CuSO4,,,,,,
K4Fe(CN)6,,2.4639370117649966,Li 2017,2017.0,C6FeK4N6,,,,,,
Salt Cavern,,,Lord 2014,2014.0,,,23.0,,,,
LRC,,,Lord 2014,2014.0,,,84.0,,,,
Salt Cavern,,,Papadias 2021,2021.0,,,18.99608141274719,,,,
LRC,,,Papadias 2021,2021.0,,,283.6140586817116,,,,
LiF,LiF,0.04097300438830117,Ray 2021,2021.0,LiF,,,,,,
NaF,NaF,2.0297396020050735,Ray 2021,2021.0,NaF,,,,,,
KF,KF,6.6817514848614215,Ray 2021,2021.0,KF,,,,,,
MgF2,MgF2,1.0968158097791392,Ray 2021,2021.0,MgF2,,,,,,
CaF2,CaF2,0.15128493927988118,Ray 2021,2021.0,CaF2,,,,,,
LiCl,LiCl,10.08566261865875,Ray 2021,2021.0,LiCl,,,,,,
NaCl,NaCl,0.061774683539284836,Ray 2021,2021.0,NaCl,,,,,,
KCl,KCl,0.5736220614362164,Ray 2021,2021.0,KCl,,,,,,
MgCl2,MgCl2,0.4311620769476616,Ray 2021,2021.0,MgCl2,,,,,,
CaCl2,CaCl2,0.25214156546646865,Ray 2021,2021.0,CaCl2,,,,,,
Li2CO3,Li2CO3,8.887990182693024,Ray 2021,2021.0,Li2CO3,,,,,,
Na2CO3,Na2CO3,0.40846933605567937,Ray 2021,2021.0,Na2CO3,,,,,,
K2CO3,K2CO3,1.3867786100655781,Ray 2021,2021.0,K2CO3,,,,,,
Cu,Copper (Cu),8.194600877660234,Ray 2021,2021.0,Cu,,,,,,
Ni,Nickel (Ni),15.758847841654296,Ray 2021,2021.0,Ni,,,,,,
Cr,Chromium (Cr),13.23743218698961,Ray 2021,2021.0,Cr,,,,,,
V,Vanadium (V),516.8902092062609,Ray 2021,2021.0,V,,,,,,
Metallurgical Silicon,Silicon (Si),3.4039111337973287,Ray 2021,2021.0,Si,,,,,,
B,Boron (B),56.731852229955464,Ray 2021,2021.0,B,,,,,,
Al,Aluminium (Al),4.412477395663203,Ray 2021,2021.0,Al,,,,,,
NMC811,NMC811,27.832895945668312,Schnell 2020,2020.0,,,,,,,
Carbon Black,Carbon Black,6.761654158800795,Schnell 2020,2020.0,,,,,,,
Graphite,Graphite,22.03437595698741,Schnell 2020,2020.0,,,,,,,
Li,Lithium,150.76151970570334,Schnell 2020,2020.0,Li,,,,,,
Toluene,Toluene,8.500630303406197,Schnell 2020,2020.0,,,,,,,
Toluene,Toluene,0.34051247030034004,Southhall 2022,2022.0,C7H6,,,,,,
Naphthalene,Naphthalene,0.6810249406006801,Southhall 2022,2022.0,C10H18,,,,,,
Dibenzyltoluene,dibenzyltoluene,4.500085115312932,Southhall 2022,2022.0,C21H20,,,,,,
NEC,N-ethylcarbazole,45.00085115312932,Southhall 2022,2022.0,C14H25N,,,,,,
Al,Aluminium,2.0726036375858983,Steinmann 2022,2022.0,,,,,,,
Al2O3,Al2O3,1.1843449357633704,Steinmann 2022,2022.0,,,,,,,
Concrete,Concrete,0.029608623394084255,Steinmann 2022,2022.0,,,,,,,
Fe,Cast iron,0.5329552210935168,Steinmann 2022,2022.0,,,,,,,
Graphite,Graphite,3.849121041230954,Steinmann 2022,2022.0,,,,,,,
HITEC,HITEC,1.4212139229160448,Steinmann 2022,2022.0,,,,,,,
HITEC XL,HITEC XL,1.3027794293397077,Steinmann 2022,2022.0,,,,,,,
KNO3,KNO3,0.9474759486106964,Steinmann 2022,2022.0,,,,,,,
LiF,LiF,6.395462653122201,Steinmann 2022,2022.0,,,,,,,
MgO,MgO,0.8290414550343594,Steinmann 2022,2022.0,,,,,,,
Mobiltherm 605,Mobiltherm 605,3.553034807290112,Steinmann 2022,2022.0,,,,,,,
Na,Sodium,2.368689871526741,Steinmann 2022,2022.0,,,,,,,
NaCl,NaCl,0.029608623394084255,Steinmann 2022,2022.0,,,,,,,
NaNO3,NaNO3,0.7106069614580224,Steinmann 2022,2022.0,,,,,,,
S,Sulfur,0.4737379743053482,Steinmann 2022,2022.0,,,,,,,
SiO2,SiO2,0.7106069614580224,Steinmann 2022,2022.0,,,,,,,
Solar Salt,Solar Salt,0.8290414550343594,Steinmann 2022,2022.0,,,,,,,
Stone,"Basalt, Granite, Limestone, Sandstone",0.029608623394084255,Steinmann 2022,2022.0,,,,,,,
Therminol VP1,Therminol VP1,5.921724678816853,Steinmann 2022,2022.0,,,,,,,
Vegetable Oil,Sunflower oil,0.7106069614580224,Steinmann 2022,2022.0,,,,,,,
Spherical Pressure,,,Tietze 2016,2016.0,,,61.4005,,,,
Iron Ore,Magnetite,0.15897359145506956,Olympios 2021,2021.0,Fe2O3,,,,,,
Solar Salt,Molten Salt,1.1436949025544572,Olympios 2021,2021.0,NaNO3KNO3,,,,,,
Sand,Dune Sand,0.06034889678739002,Diago 2018,2018.0,SiO2,,,,,,
Solar Salt,Solar Salt,0.5190005123715541,Diago 2018,2018.0,NaNO3KNO3,,,,,,
TEMPO,"4-hydroxy-2,2,6,6-tetramethylpiperidin-1-oxyl (4-OH-TEMPO)",6.536974796592933,Liu 2019,2019.0,C9H18NO2,doi.org/10.1016/j.chempr.2019.04.021,,,,,
CFRP,,15.96152204532844,Singh Gill 2022,2022.0,,,,,,,
Steel,,1.596152204532844,Singh Gill 2022,2022.0,,,,,,,
CFRP,,12.069779357478003,Rao 2018,2018.0,,,,,,,
CO2,Cyrogenic Carbon Capture,0.04638815990944718,Knighton 2020,2020.0,CO2,,,,,,
CO2,DAC Carbon Capture,0.23176547006102216,Zhao 2019,2019.0,CO2,,,,,,
N2,Liquid Nitrogen,0.23666695087521178,Salerno 2002,2002.0,N2,Converted to mass with density 0.8064 g/ml,,,,,
LH2 Tank,,,HDSAM 2015,2015.0,,The linear component of the LH2 Storage cost scaling relationship,2064.6,,,,
LH2 Tank,,,Hurskainen 2019,2019.0,,Manually converted to USD with conversion factor 1.113 EUR/USD,1684.0,,,,
LNG Tank,,,Hurskainen 2019,2019.0,,Manually converted to USD with conversion factor 1.113 EUR/USD,594.0,,,,
LNG Tank,,,Fikri 2018,2018.0,,,1150.0,,,,
AQDS,,10.108963962041345,Alibaba,2022.0,,,,,,,
Al,,1.6174342339266152,Alibaba,2022.0,Al,,,,,,
Al2O3,,8.512811757508501,Alibaba,2022.0,Al2O3,,,,,,
B,,234.10232333148377,Alibaba,2022.0,B,,,,,,
Ba,,94.70503080228208,Alibaba,2022.0,Ba,,,,,,
Ba(OH)2,,0.49757384722637193,Alibaba,2022.0,Ba(OH)2,,,,,,
BaCO3,,0.43681365330715494,Alibaba,2022.0,BaCO3,,,,,,
BaO,,2.1282029393771253,Alibaba,2022.0,BaO,,,,,,
BaO2,,10.641014696885627,Alibaba,2022.0,,,,,,,
Bi,,12.769217636262752,Alibaba,2022.0,Bi,,,,,,
Bipyridine,,9.044862492352783,Alibaba,2022.0,(C5H4N)2,,,,,,
CNT,,106.41014696885627,Alibaba,2022.0,,,,,,,
Ca,,4.788456613598532,Alibaba,2022.0,Ca,,,,,,
Ca(OH)2 ,,0.08512811757508501,Alibaba,2022.0,Ca(OH)2 ,,,,,,
CaCO3,,0.3713714129213084,Alibaba,2022.0,CaCO3,,,,,,
CaCl2,,0.14897420575639878,Alibaba,2022.0,CaCl2,,,,,,
CaF2,,0.26602536742214067,Alibaba,2022.0,CaF2,,,,,,
CaSO4,,0.4256405878754251,Alibaba,2022.0,CaSO4,,,,,,
Cd,,24.47433380283694,Alibaba,2022.0,Cd,,,,,,
Cd(OH)2,,23.942283067992662,Alibaba,2022.0,Cd(OH)2,,,,,,
CdCO3,,0.5320507348442813,Alibaba,2022.0,CdCO3,,,,,,
CdSO4 ,,10.641014696885627,Alibaba,2022.0,CdSO4 ,,,,,,
CeO2,,3.617944996941113,Alibaba,2022.0,CeO2,,,,,,
Clay,,0.15961522045328438,Alibaba,2022.0,,,,,,,
Co,,15.96152204532844,Alibaba,2022.0,Co,,,,,,
Co3O4,,18.621775719549845,Alibaba,2022.0,Co3O4,,,,,,
CoCl2,,27.689966325554906,Alibaba,2022.0,CoCl2,,,,,,
CoO,,38.13207616628964,Alibaba,2022.0,CoO,,,,,,
CoSO4,,22.026900422553247,Alibaba,2022.0,CoSO4,,,,,,
Cr,,17.025623515017003,Alibaba,2022.0,Cr,,,,,,
Cr2O3,,4.043585584816538,Alibaba,2022.0,Cr2O3,,,,,,
Cu,,6.650634185553517,Alibaba,2022.0,Cu,,,,,,
CuO,,12.23716690141847,Alibaba,2022.0,CuO,,,,,,
CuSO4,,1.596152204532844,Alibaba,2022.0,CuSO4,,,,,,
Fe,,0.5932365693513737,Alibaba,2022.0,Fe,,,,,,
FeCl2,,2.002906869838823,Alibaba,2022.0,FeCl2,,,,,,
FeSO4,,0.09576913227197063,Alibaba,2022.0,FeSO4,,,,,,
GRE,,15.429471310484159,Alibaba,2022.0,,,,,,,
Ga,,440.8572388919715,Alibaba,2022.0,Ga,,,,,,
Graphene,,960.4579865408967,Alibaba,2022.0,,,,,,,
Graphene Oxide,,213.34170365785994,Alibaba,2022.0,,,,,,,
Graphite,,0.8512811757508502,Alibaba,2022.0,,,,,,,
HBr,,1.915382645439413,Alibaba,2022.0,HBr,,,,,,
In,,223.46130863459817,Alibaba,2022.0,In,,,,,,
K2CO3,,0.8406401610539646,Alibaba,2022.0,K2CO3,,,,,,
K2SO4,,0.3724355143909969,Alibaba,2022.0,K2SO4,,,,,,
K4Fe(CN)6,,4.74809770433243,Alibaba,2022.0,C6FeK4N6,,,,,,
KCl,,0.5932365693513737,Alibaba,2022.0,KCl,,,,,,
KNO3,,0.47884566135985324,Alibaba,2022.0,KNO3,,,,,,
KOH,,0.8299991463570789,Alibaba,2022.0,KOH,,,,,,
LFP,,21.282029393771253,Alibaba,2022.0,,,,,,,
LMNO,,53.205073484428134,Alibaba,2022.0,,,,,,,
LMO,,13.301268371107033,Alibaba,2022.0,,,,,,,
LTO,,47.884566135985324,Alibaba,2022.0,,,,,,,
LaNi5,,85.12811757508501,Alibaba,2022.0,LaNi5,,,,,,
Li,,0.5320507348442813,Alibaba,2022.0,Li,,,,,,
Li2CO3,,54.58308488767482,Alibaba,2022.0,Li2CO3,,,,,,
Li2O,,106.41014696885627,Alibaba,2022.0,Li2O,,,,,,
Li2S,,2553.8435272525503,Alibaba,2022.0,Li2S,,,,,,
Li2SO4,,5.320507348442813,Alibaba,2022.0,Li2SO4,,,,,,
LiCl,,5.852558083287095,Alibaba,2022.0,LiCl,,,,,,
LiF,,21.282029393771253,Alibaba,2022.0,LiF,,,,,,
LiNO3,,18.089724984705565,Alibaba,2022.0,,,,,,,
LiOH,,6.4329059696495,Alibaba,2022.0,LiOH,,,,,,
Metallurgical Silicon,,1.4365369840795597,Alibaba,2022.0,Si,,,,,,
Mg,,7.235889993882226,Alibaba,2022.0,Mg,,,,,,
Mg(NO3)2,,0.23410232333148379,Alibaba,2022.0,Mg(NO3)2,,,,,,
Mg(OH)2,,0.31923044090656877,Alibaba,2022.0,Mg(OH)2,,,,,,
MgCO3,,0.5320507348442813,Alibaba,2022.0,MgCO3,,,,,,
MgCl2,,0.17557674249861285,Alibaba,2022.0,MgCl2,,,,,,
MgF2,,87.25632051446215,Alibaba,2022.0,MgF2,,,,,,
MgO,,0.10641014696885627,Alibaba,2022.0,MgO,,,,,,
MgSO4,,0.1525289611915678,Alibaba,2022.0,MgSO4,,,,,,
MnO2,,0.3724355143909969,Alibaba,2022.0,MnO2,,,,,,
MnSO4,,0.4256405878754251,Alibaba,2022.0,MnSO4,,,,,,
MoS2,,36.658295630770986,Alibaba,2022.0,MoS2,,,,,,
NCA,,85.12811757508501,Alibaba,2022.0,,,,,,,
NCM111,,62.781986711625194,Alibaba,2022.0,,,,,,,
NCM622,,63.84608818131376,Alibaba,2022.0,,,,,,,
Na,,3.192304409065688,Alibaba,2022.0,Na,,,,,,
Na2CO3,,0.26070486007369786,Alibaba,2022.0,Na2CO3,,,,,,
Na2SO4,,0.08246786390086361,Alibaba,2022.0,Na2SO4,,,,,,
NaBr,,1.9419851821816267,Alibaba,2022.0,NaBr,,,,,,
NaCl,,0.04788456613598532,Alibaba,2022.0,NaCl,,,,,,
NaOH,,0.6810249406006801,Alibaba,2022.0,NaOH,,,,,,
Ni,,37.24355143909969,Alibaba,2022.0,Ni,,,,,,
NiCl2,,15.417931133518673,Alibaba,2022.0,NiCl2,,,,,,
NiSO4,,5.320507348442813,Alibaba,2022.0,NiSO4,,,,,,
Pb,,1.7451264102892428,Alibaba,2022.0,Pb,,,,,,
PbCO3,,4.788456613598532,Alibaba,2022.0,PbCO3,,,,,,
PbO,,2.0696773585442543,Alibaba,2022.0,PbO,,,,,,
Polysilicon,,1.6089214221691068,Alibaba,2022.0,Si,,,,,,
PtO2,,15.96152204532844,Alibaba,2022.0,PtO2,,,,,,
Sand,,0.09044862492352772,Alibaba,2022.0,SiO2,,,,,,
Sb,,4.469226172691964,Alibaba,2022.0,Sb,,,,,,
Sb2O3,,7.98076102266422,Alibaba,2022.0,Sb2O3,,,,,,
SiO2,,6.916659552975657,Alibaba,2022.0,SiO2,,,,,,
Sn,,49.42751326703374,Alibaba,2022.0,Sn,,,,,,
SrCO3,,1.0108963962041344,Alibaba,2022.0,SrCO3,,,,,,
Steel,,0.6384608818131375,Alibaba,2022.0,Fe,,,,,,
Te,,127.69217636262752,Alibaba,2022.0,Te,,,,,,
V,,308.58942620968315,Alibaba,2022.0,V,,,,,,
V2O5,,5.320507348442813,Alibaba,2022.0,V2O5,,,,,,
Zn,,0.5432344412907082,Alibaba,2022.0,Zn,,,,,,
ZnBr2,,2.6602536742214067,Alibaba,2022.0,ZnBr2,,,,,,
ZnCO3,,2.0749978658926973,Alibaba,2022.0,ZnCO3,,,,,,
ZnCl2,,1.0108963962041344,Alibaba,2022.0,ZnCl2,,,,,,
ZnI2,,10.641014696885627,Alibaba,2022.0,ZnI2,,,,,,
ZnSO4,,0.6633618291056619,Alibaba,2022.0,ZnSO4,,,,,,
CNT,,1042.857142857143,Cheaptubes,2023.0,,,,,,,
Graphene,,450.0,Cheaptubes,2023.0,,,,,,,
Graphene Oxide,,162500.0,Cheaptubes,2023.0,,,,,,,
N-hexane,,1.8451519484399677,Chemanalyst,2022.0,C6H14,,,,,,
Ethanol,,0.8752234588188428,Chemanalyst,2022.0,C2H6O,,,,,,
N-Propane,,1.2609602415809469,Chemanalyst,2022.0,C3H8,,,,,,
Methanol,,0.678896737661303,Chemanalyst,2022.0,CH3OH,,,,,,
Naphthalene,,1.4948092376386755,Chemanalyst,2021.0,C10H8,,,,,,
Toluene,,1.240742313656864,Chemanalyst,2022.0,C7H8,,,,,,
Ethylene glycol,,0.9236400756896724,Chemanalyst,2022.0,C2H6O2,,,,,,
Al2O3,,1.213100934815849,Echemi,2018.0,Al2O3,,,,,,
Barite,,0.4743078747647618,Echemi,2017.0,BaSO4,,,,,,
BaCO3,,0.5913448828235992,Echemi,2017.0,BaCO3,,,,,,
CaCO3,,0.3315303897946989,Echemi,2022.0,CaCO3,,,,,,
CaCl2,,0.12272310255096484,Echemi,2018.0,CaCl2,,,,,,
Carbon Black,,1.6256810203167018,Echemi,2022.0,C,,,,,,
MgCO3,,1.0384012789809707,Echemi,2020.0,MgCO3,,,,,,
MgO,,1.8437058689942591,Echemi,2018.0,MgO,,,,,,
NaHCO3,,0.3873329349666368,Echemi,2022.0,NaHCO3,,,,,,
Na2SO4,,0.140472920074072,Echemi,2018.0,Na2SO4,,,,,,
ZnCl2,,2.628818462683617,Echemi,2018.0,ZnCl2,,,,,,
LiOH,,77.21829764356141,Echemi,2022.0,LiOH,,,,,,
Li2CO3,,84.02145204660891,Echemi,2022.0,Li2CO3,,,,,,
KOH,,1.4858797523055474,Echemi,2022.0,KOH,,,,,,
Ethanol,,1.0074380664276468,Echemi,2022.0,C2H6O,,,,,,
Methanol,,0.3905433291006872,Echemi,2022.0,CH3OH,,,,,,
N-propanol,,1.2315201505776319,Echemi,2022.0,C3H80,,,,,,
N-hexane,,1.5195368987152678,Echemi,2022.0,C6H14,,,,,,
Br2,,7.3199784843214255,Echemi,2022.0,Br2,,,,,,
NaOH,,0.2898740095608007,Echemi,2022.0,NaOH,,,,,,
Metallurgical Silicon,,3.1984761975898817,Echemi,2022.0,Si,,,,,,
Na2CO3,,0.39310568543969726,Echemi,2022.0,Na2CO3,,,,,,
S,,0.18870115720545766,Echemi,2022.0,S,,,,,,
K2SO4,,0.5934134230156359,Echemi,2022.0,K2SO4,,,,,,
K2CO3,,1.3780114032466888,Echemi,2022.0,K2CO3,,,,,,
KCl,,0.5710672921521762,Echemi,2022.0,KCl,,,,,,
Bipyridine,,51.39007194206788,Echemi,2021.0,(C5H4N)2,,,,,,
Toluene,,1.0692623618165522,Echemi,2022.0,C7H8,,,,,,
Ethylene glycol,,0.5854686286226473,Echemi,2022.0,C2H6O2,,,,,,
Isopentane,,0.5619357318070636,Echemi,2020.0,C5H12,,,,,,
Al,"Alumina COMEX, Aluminium LME",1.412594701011567,Focus econ,2022.0,Al,,,,,,
Co,Cobalt,54.80548209483973,Focus econ,2022.0,Co,,,,,,
Cu,Copper LME,8.544734801599157,Focus econ,2022.0,Cu,,,,,,
Iron Ore,Iron Ore CFR China,0.10619732667491856,Focus econ,2022.0,Fe,,,,,,
Mo,Molybdenum,39.79101035753411,Focus econ,2022.0,Mo,,,,,,
Ni,Nickel LME,27.220779696103122,Focus econ,2022.0,Ni,,,,,,
Pb,Lead LME,2.245254101042867,Focus econ,2022.0,Pb,,,,,,
Sn,Tin LME,23.0175788908333,Focus econ,2022.0,Sn,,,,,,
Steel,Hot Rolled Coil Steel USA,0.7395505214335512,Focus econ,2022.0,Fe,,,,,,
Zn,High Grade Zinc LME,3.2008172208231964,Focus econ,2022.0,Zn,,,,,,
CNT,"Multi-Walled Carbon Nanotube Powder, 100 grams",1000.0,Graphene supermarket,2023.0,,https://www.graphene-supermarket.com/collections/carbon-materials/products/multi-walled-carbon-nanotube-powder-100-grams,,,,,
Graphene Oxide,Ultra Highly Concentrated Single-Layer Graphene Oxide,193548.0,Graphene supermarket,2023.0,,600 USD 500 ml bottle converted with concentration of 6.2 g/L   https://www.graphene-supermarket.com/collections/graphene-oxide-go/products/copy-of-ultra-highly-concentrated-single-layer-graphene-oxide-60-ml,,,,,
Graphene,Electrically Conductive Granulated Graphene: 100 Grams,1000.0,Graphene supermarket,2023.0,,https://www.graphene-supermarket.com/collections/graphene-nanoplatelets-gnp/products/electrically-conductive-granulated-graphene-100-grams,,,,,
Al,,2.559164034600993,Indiamart,2022.0,Al,,,,,,
Al2O3,,0.5533327642380526,Indiamart,2022.0,Al2O3,,,,,,
Ba(OH)2,,1.134332166688008,Indiamart,2022.0,Ba(OH)2,,,,,,
BaCO3,,3.3338299045342668,Indiamart,2022.0,BaCO3,,,,,,
Bi,,8.29999146357079,Indiamart,2022.0,Bi,,,,,,
CFRP,,61.38535353265896,Indiamart,2022.0,,,,,,,
Ca,,7.781241997097615,Indiamart,2022.0,Ca,,,,,,
Ca(NO3)2,,0.3458329776487829,Indiamart,2022.0,Ca(NO3)2,,,,,,
Ca(OH)2 ,,0.08991657418868343,Indiamart,2022.0,Ca(OH)2 ,,,,,,
CaCO3,,0.21303311423165014,Indiamart,2022.0,CaCO3,,,,,,
CaCl2,,0.10374989329463476,Indiamart,2022.0,CaCl2,,,,,,
CaF2,,3.043330203309289,Indiamart,2022.0,CaF2,,,,,,
CaSO4,,0.6916659552975657,Indiamart,2022.0,CaSO4,,,,,,
Cd,,4.84166168708296,Indiamart,2022.0,Cd,,,,,,
CdCO3,,22.575976780912548,Indiamart,2022.0,CdCO3,,,,,,
CeO2,,10.202072840639095,Indiamart,2022.0,CeO2,,,,,,
Clay,,3.0433302033092895,Indiamart,2022.0,,,,,,,
CoCl2,,24.899974390712366,Indiamart,2022.0,CoCl2,,,,,,
CoO,,44.95828709434177,Indiamart,2022.0,CoO,,,,,,
CoSO4,,8.438324654630302,Indiamart,2022.0,CoSO4,,,,,,
Cr,,11.066655284761053,Indiamart,2022.0,Cr,,,,,,
Cr2O3,,7.31090914749527,Indiamart,2022.0,Cr2O3,,,,,,
Cu,,7.884991890392248,Indiamart,2022.0,Cu,,,,,,
CuO,,8.991657418868353,Indiamart,2022.0,CuO,,,,,,
CuSO4,,3.3199965854283158,Indiamart,2022.0,CuSO4,,,,,,
FeCl2,,0.2074997865892696,Indiamart,2022.0,FeCl2,,,,,,
FeSO4,,0.22133310569522102,Indiamart,2022.0,FeSO4,,,,,,
Ga,,5.948327215559066,Indiamart,2022.0,Ga,,,,,,
Graphite,,0.8645824441219572,Indiamart,2022.0,,,,,,,
HBr,,3.043330203309289,Indiamart,2022.0,HBr,,,,,,
In,,345.83297764878284,Indiamart,2022.0,In,,,,,,
K2CO3,,1.3833319105951316,Indiamart,2022.0,K2CO3,,,,,,
K2SO4,,0.584457732226443,Indiamart,2022.0,K2SO4,,,,,,
KCl,,0.421916232731515,Indiamart,2022.0,KCl,,,,,,
KNO3,,0.7193325935094684,Indiamart,2022.0,KNO3,,,,,,
KOH,,1.5216651016546447,Indiamart,2022.0,KOH,,,,,,
Li2CO3,,49.79994878142473,Indiamart,2022.0,Li2CO3,,,,,,
LiCl,,55.33327642380526,Indiamart,2022.0,LiCl,,,,,,
LiNO3,,96.8332337416592,Indiamart,2022.0,,,,,,,
LiOH,,45.995786027288126,Indiamart,2022.0,LiOH,,,,,,
Metallurgical Silicon,,4.1154124340205165,Indiamart,2022.0,Si,,,,,,
Mg,,3.5620796697824635,Indiamart,2022.0,Mg,,,,,,
Mg(NO3)2,,0.5533327642380526,Indiamart,2022.0,Mg(NO3)2,,,,,,
Mg(OH)2,,1.5769983780784498,Indiamart,2022.0,Mg(OH)2,,,,,,
MgCO3,,1.7983314837736708,Indiamart,2022.0,MgCO3,,,,,,
MgCl2,,0.0968332337416592,Indiamart,2022.0,MgCl2,,,,,,
MgF2,,2.0058312703629406,Indiamart,2022.0,MgF2,,,,,,
MgO,,0.3181663394368802,Indiamart,2022.0,MgO,,,,,,
MgSO4,,0.1936664674833184,Indiamart,2022.0,MgSO4,,,,,,
MnO2,,0.48416616870829593,Indiamart,2022.0,MnO2,,,,,,
MnSO4,,0.5533327642380526,Indiamart,2022.0,MnSO4,,,,,,
MoS2,,39.42495945196124,Indiamart,2022.0,MoS2,,,,,,
Mobiltherm 605,,2.5607133663408597,Indiamart,2022.0,,,,,,,
Na,,3.4583297764878287,Indiamart,2022.0,Na,,,,,,
Na2CO3,,0.5533327642380526,Indiamart,2022.0,Na2CO3,,,,,,
Na2SO4,,0.0968332337416592,Indiamart,2022.0,Na2SO4,,,,,,
NaBr,,3.4583297764878287,Indiamart,2022.0,NaBr,,,,,,
NaCl,,0.030433302033092784,Indiamart,2022.0,NaCl,,,,,,
NaF,,2.559164034600993,Indiamart,2022.0,NaF,,,,,,
NaNO3,,1.1758321240058618,Indiamart,2022.0,NaNO3,,,,,,
NaOH,,0.7746658699332736,Indiamart,2022.0,NaOH,,,,,,
NiCl2,,8.438324654630302,Indiamart,2022.0,NiCl2,,,,,,
NiSO4,,6.155827002148335,Indiamart,2022.0,NiSO4,,,,,,
Pb,,3.1124967988390457,Indiamart,2022.0,Pb,,,,,,
S,,0.49799948781424724,Indiamart,2022.0,S,,,,,,
Sand,,0.03181663394368802,Indiamart,2022.0,SiO2,,,,,,
Sb,,11.896654431118131,Indiamart,2022.0,Sb,,,,,,
Sb2O3,,14.109985488070341,Indiamart,2022.0,Sb2O3,,,,,,
SiO2,,0.688207625521078,Indiamart,2022.0,SiO2,,,,,,
Sn,,24.201391775861826,Indiamart,2022.0,Sn,,,,,,
SrCO3,,4.979994878142473,Indiamart,2022.0,SrCO3,,,,,,
Steel,,6.570826575326875,Indiamart,2022.0,Fe,,,,,,
V,,27.493721723078238,Indiamart,2022.0,V,,,,,,
V2O5,,17.983314837736707,Indiamart,2022.0,V2O5,,,,,,
Zn,,4.440495433010372,Indiamart,2022.0,Zn,,,,,,
ZnBr2,,2.766663821190263,Indiamart,2022.0,ZnBr2,,,,,,
ZnCO3,,2.1787477591873325,Indiamart,2022.0,ZnCO3,,,,,,
ZnCl2,,1.4179152083600097,Indiamart,2022.0,ZnCl2,,,,,,
ZnI2,,23.585809075646992,Indiamart,2022.0,ZnI2,,,,,,
ZnSO4,,0.9683323374165921,Indiamart,2022.0,ZnSO4,,,,,,
Ammonium Heptamolybdate,Ammonium heptamolybdate,22.603670305746252,ISE,2019.0,H50Mo7N6O28 ,,,,,,
Ammonium Paratungstate,Tungsten APT,23.928101017565048,ISE,2019.0,(NH4)10(H2W12O42)(H2O)4,,,,,,
Ammonium Tetrathiomolybdate,Ammonium Tetrathiomolybdate,22.25899345283499,ISE,2019.0,H10MoN2S4,,,,,,
Antimony Ethylene Glycoxide,Antimony ethelyene_glycol,6.298078081299264,ISE,2019.0,,,,,,,
As,Arsenic metal,1.3608792985634377,ISE,2019.0,As,,,,,,
As2O3,Arsenic trioxide,0.5110725750063565,ISE,2019.0,As2O3,,,,,,
Bi,Bismuth ingot,7.527642483578775,ISE,2019.0,Bi,,,,,,
Bi2O3,Bismuth oxides,7.721950046084415,ISE,2019.0,Bi2O3,,,,,,
CCoO3,Cobalt Carbonates,17.16847289759726,ISE,2019.0,CCoO3,,,,,,
CW,Tungsten carbide,33.84370133326978,ISE,2019.0,CW,,,,,,
Ca,"Calcium Granule, Calcium Ingot",4.485077834986018,ISE,2019.0,Ca,,,,,,
Cd,Cadmium Ingot,3.3097766530644717,ISE,2019.0,Cd,,,,,,
ClLi,Lithium chlorides,11.647106276220445,ISE,2019.0,ClLi,,,,,,
Co,"Cobalt Conc., Cobalt Intermediate, Cobalt Powder, Cobalt metal",33.1612648323069,ISE,2019.0,Co,,,,,,
Co3O4,"Cobalt Tetroxide, Cobalt oxides",26.38560736079329,ISE,2019.0,Co3O4,,,,,,
CoCl2,Cobalt Chloride,7.592399091024664,ISE,2019.0,CoCl2,,,,,,
CoO,Cobalt Monoxide,37.55789155860667,ISE,2019.0,CoO,,,,,,
CoSO4,Cobalt sulphates,6.384247294527079,ISE,2019.0,CoSO4,,,,,,
Cr,Chromium metal,9.798330949656751,ISE,2019.0,Cr,,,,,,
CrFeO4,"Chrome Conc., Chrome lump",0.14616351497671218,ISE,2019.0,CrFeO4,,,,,,
FeTiO3,"Ilmenite Conc, Ilmenite Reduced, Rutile Conc, Titanium Slag",0.4746239882617172,ISE,2019.0,FeTiO3,,,,,,
Ga,Gallium metal,180.21250973334608,ISE,2019.0,Ga,,,,,,
Ge,Germanium metal,1370.0904903222734,ISE,2019.0,Ge,,,,,,
GeO2,Germanium dioxides,856.3436983536742,ISE,2019.0,GeO2,,,,,,
In,Indium ingot,200.56627216819226,ISE,2019.0,In,,,,,,
LCO,Lithium Cobaltate,34.40825824752098,ISE,2019.0,LiCoO2,,,,,,
LMO,Lithium manganates,8.282347067283245,ISE,2019.0,LiMn2O4,,,,,,
La,Lanthanum metal,6.112665705250445,ISE,2019.0,La,,,,,,
Li,Lithium metal,119.05940764643721,ISE,2019.0,Li,,,,,,
Li2CO3,Lithium Carbonates,13.362765025108063,ISE,2019.0,Li2CO3,,,,,,
LiOH,Lithium hydroxides_monohydrates,27.452113345876516,ISE,2019.0,LiOH,,,,,,
Metallurgical Silicon,Silicon metal,2.0985670727488595,ISE,2019.0,,,,,,,
Mg,"Magnesium Ingot, Magnesium Powder, Manganese flakes, Mercury metal",8.467016605286997,ISE,2019.0,Mg,,,,,,
Mn,"Manganese Briquette, Manganese Lump",2.3830244485761507,ISE,2019.0,Mn,,,,,,
MnO2,Manganese dioxides,1.9067166940789475,ISE,2019.0,MnO2,,,,,,
MnSO4,Manganese sulphates,1.1736841112064584,ISE,2019.0,MnSO4,,,,,,
Mo,"Molybdenum Powder, Molybdenum Rod, Molybdenum bar",51.8600000529706,ISE,2019.0,Mo,,,,,,
MoO3,Molybdenum oxides,30.506723540910063,ISE,2019.0,MoO3,,,,,,
MoS2,Molybdenum Conc.,31.318051980040686,ISE,2019.0,MoS2,,,,,,
NH4VO3,Ammonium metavanadate,20.10179176995932,ISE,2019.0,NH4VO3,,,,,,
NV,Vanadium nitrides,32.180338382754904,ISE,2019.0,NV,,,,,,
Na2WO4,Sodium Tungstate,17.772845931064076,ISE,2019.0,Na2WO4,,,,,,
NaMo2O4,Sodium Molybdate,14.838932788265955,ISE,2019.0,NaMo2O4,,,,,,
Nb2O5,"Niobium Conc., Niobium pentoxides",42.160687595687904,ISE,2019.0,Nb2O5,,,,,,
Polysilicon,Silicon polysilicon,12.539106200737352,ISE,2019.0,,,,,,,
Re,Rhenium APR,1785.7826603419783,ISE,2019.0,Re,,,,,,
Sb,Antimony Ingot,7.087398600663458,ISE,2019.0,Sb,,,,,,
Sb2O3,Antimony Trioxide,6.393276825703955,ISE,2019.0,Sb2O3,,,,,,
Se,Selenium Powder,24.093815637957196,ISE,2019.0,Se,,,,,,
SeO2,Selenium dioxides,15.094469075769133,ISE,2019.0,SeO2,,,,,,
Sr,Strontium metal,8.085346417731376,ISE,2019.0,Sr,,,,,,
Ta,Tantalum metal,334.77234564369866,ISE,2019.0,Ta,,,,,,
Ta2O5,"Tantalum Conc., Tantalum pentoxide",235.2483542802315,ISE,2019.0,Ta2O5,,,,,,
Te,Tellurium metal,66.51867080896687,ISE,2019.0,Te,,,,,,
Ti,"Titan Sponge, Titanium pipe, Titanium plate",18.696936459127897,ISE,2019.0,Ti,,,,,,
TiCl4,Titanium tetrachloride,1.3888100090579714,ISE,2019.0,TiCl4,,,,,,
TiO2,Titanium Dioxide,2.354895647936266,ISE,2019.0,TiO2,,,,,,
V2O5,Vanadium pentoxides,20.570030033074374,ISE,2019.0,V2O5,,,,,,
W,"Tungsten powder, Tungsten scrap, Wolfram Bar",28.93248065816717,ISE,2019.0,W,,,,,,
WO3,"Tungsten oxides, Wolfram Ore",22.365664996106666,ISE,2019.0,WO3,,,,,,
Zr,Zirconium Sponge,42.609190265064846,ISE,2019.0,Zr,,,,,,
Zr(CO3)2,Zirconium Carbonates,4.020239499904654,ISE,2019.0,Zr(CO3)2,,,,,,
ZrCl2H2O,Zirconium Oxychloride,2.700364861428935,ISE,2019.0,ZrCl2H2O,,,,,,
ZrO2,Zirconium fused_cubic,5.176689768465549,ISE,2019.0,ZrO2,,,,,,
ZrSiO4,"Zircon sand, Zirconium silicate",1.9462356780765322,ISE,2019.0,ZrSiO4,,,,,,
Au,,60599.11023873548,Kitco,2022.0,Au,,,,,,
Ag,,742.2214161224693,Kitco,2022.0,Ag,,,,,,
Pt,,35135.37488938211,Kitco,2022.0,Pt,,,,,,
Pd,,67807.50385064095,Kitco,2022.0,Pd,,,,,,
Rh,,425935.12052122015,Kitco,2022.0,Rh,,,,,,
Al,"Aluminum Ingot - Chong Qing, Aluminum Ingot - Fo Shan, Aluminum Ingot - Hang Zhou, Aluminum Ingot - Lin Yi, Aluminum Ingot - Shen Yang, Aluminum Ingot - Tian Jin, Aluminum Ingot - Wu Xi, High purity aluminium(99.99%), High purity aluminium(99.996%), Low Carbon Aluminum, SMM A00 Aluminum Ingot, SMM Aluminum Ingot - Gong Yi",4.050676047609563,SMM,2022.0,Al,,,,,,
Al2O3,"Alumina (Averaged), Alumina - Bayuquan, Alumina - Guangxi, Alumina - Guizhou, Alumina - Henan, Alumina - Lianyungang, Alumina - Shandong, Alumina - Shanxi, Australian Alumina FOB Price",0.821178927508327,SMM,2022.0,Al2O3,,,,,,
Ammonium Heptamolybdate,Hexaammonium molybdate,29.57280573861454,SMM,2022.0,(NH4)6Mo7O24,,,,,,
Ammonium Tetrathiomolybdate,Ammoinum Tetramolybdate,29.153922195071637,SMM,2022.0,H8N2MoS4,,,,,,
As,Arsenic Metal,1.5330935514390998,SMM,2022.0,As,,,,,,
Bauxite,"Australia Bauxite CIF, Bauxite(4.5≤Al/Si<5.5)Henan, Bauxite(4.5≤Al/Si<5.5)Shanxi, Bauxite(5.5≤Al/Si<6.5)Guangxi, Bauxite(5.5≤Al/Si<6.5)Guizhou, Bauxite(6.0≤Al/Si<7.0)Henan, Bauxite(6.0≤Al/Si<7.0)Shanxi, Bauxite(6.5≤Al/Si<7.5)Guangxi, Bauxite(6.5≤Al/Si<7.5)Guizhou, Guinea Bauxite CIF, Indonesia Bauxite CIF, Malaysia Bauxite CIF",0.15744977396246806,SMM,2022.0,AlHO2,,,,,,
Be,Beryllium,1005.3098634882696,SMM,2022.0,Be,,,,,,
Ca,"Calcium 98.5%, Calcium 99%",9.550422421109168,SMM,2022.0,Ca,,,,,,
Cd,Cadmium Ingot,3.2923831522898976,SMM,2022.0,Cd,,,,,,
Cs,Cesium(Cs≥99.5%),117287.72483220867,SMM,2022.0,Cs,,,,,,
Cs2CO3,Cesium Carbonate(Cs2CO3≥99%),150.79381926956623,SMM,2022.0,Cs2CO3,,,,,,
Cu,"Guixi Copper, High-Grade Copper, Low-Quality Copper, SMM Copper Cathode, SMM bonded copper spot price, Standard-Grade Copper",12.117168178681693,SMM,2022.0,Cu,,,,,,
FeMo,Ferro-molybdenum 60%,29.991678641142745,SMM,2022.0,FeMo,,,,,,
FeNb,"Ferroniobium 60A, Ferroniobium 60B",38.536796519270986,SMM,2022.0,FeNb,,,,,,
FeV,50 Ferrovanadium,26.97575969169263,SMM,2022.0,FeV,,,,,,
K,Potassium,23.038296946448135,SMM,2022.0,K,,,,,,
Li,Lithium Metal,527.9122207673539,SMM,2022.0,Li,,,,,,
Li2CO3,Lithium Carbonate (99.5% Battery Grade),84.19451750963906,SMM,2022.0,Li2CO3,,,,,,
Mo,"Brushed molybdenum strip, Molybdenum, Molybdenum Fine (second grade), Molybdenum Fines (first grade), Molybdenum strip",59.483272155590655,SMM,2022.0,Mo,,,,,,
MoO3,"High-purity Molybdenum Trioxide, Molybdenum Oxide, FOB, China, Molybdenum ores and concentrates, roasted 45%, Molybdenum ores and concentrates, roasted 50%, Molybdenum oxides and hydroxides",64.71982094485567,SMM,2022.0,MoO3,,,,,,
Na,Sodium,4.188782230355542,SMM,2022.0,Na,,,,,,
Nb,Niobium,108.91078542262439,SMM,2022.0,Nb,,,,,,
Nb2O5,Niobium Pentoxide 99.5%,50.2681534280877,SMM,2022.0,Nb2O5,,,,,,
Ni,"Import Nickel, JinChuan Nickel, Nickel Briquettes, SMM Nickel",37.259215012733506,SMM,2022.0,Ni,,,,,,
Pb,"Lead - Guangdong, Lead - Henan, Lead -Tianjin, SMM Lead",2.5897170480494265,SMM,2022.0,Pb,,,,,,
Rb,Rubidium(Rb≥99.5%),134043.38220162955,SMM,2022.0,Rb,,,,,,
Rb2CO3,Rubidium Carbonate(Rb2CO3≥99%),1130.9696060437918,SMM,2022.0,Rb2CO3,,,,,,
Re,Rhenium,3769.89868681264,SMM,2022.0,Re,,,,,,
Sn,SMM Tin Ingot,58.2240676814347,SMM,2022.0,Sn,,,,,,
Ta,Tantalum Powders for metallurgy(Ta≥99.95%),460.7665773898445,SMM,2022.0,Ta,,,,,,
Ta2O5,"Tantalum Pentoxide(Ta2O5≥99.5%), Tantalum Pentoxide(Ta2O5≥99.95%)",318.3472366867273,SMM,2022.0,Ta2O5,,,,,,
Ti,Titanium Sponge,13.407678518075889,SMM,2022.0,Ti,,,,,,
TiCl4,Titanium tetrachloride(99.9%),1.3822997321695334,SMM,2022.0,TiCl4,,,,,,
TiO2,"Anatase Titanium Dioxide, High Titanium Slag(TiO2≥90%), Rutile Titanium Dioxide, Titanium Concentrate(TiO2≥46%), Titanium Concentrate(TiO2≥47%)",1.812066905544411,SMM,2022.0,TiO2,,,,,,
V,Vanadium,418.87290252820577,SMM,2022.0,V,,,,,,
V2O5,Vanadium pentoxide( Flake V2O5>=98%),24.797586547298934,SMM,2022.0,V2O5,,,,,,
VN,Vanadium nitrogen alloy,37.112613753254514,SMM,2022.0,VN,,,,,,
Zn,"Zinc-HX, Zinc-Ibis, Zinc-Nanhua, Zinc-Qilin (Guangdong), Zinc-Shuangyan, Zinc-Torch, Zirconium Sponge",8.638679759923091,SMM,2022.0,Zn,,,,,,
CaCO3,CALCIUM CARBONATE Technical Grade 50 LB BAG,1.27,Chem Central,2023.0,CaCO3,https://www.chemcentral.com/organic-acid/calcium-carbonate-tech-technical-grade-50-lb-bag-16147443.html,,,,,
Concrete,,0.07555120434788794,Concrete Network,2022.0,,Manually converted the provided figure of USD 137 per cubic yard to a mass basis using a density of 2300 kg/m3  link: concretenetwork.com/concrete-prices.html,,,,,
N2,Liquid Nitrogen,0.1612,Rutherford & Titan,2023.0,N2,Manually converted the provided figure of USD 0.13 per liter to a bass masis with a density 0.8064 g/ml   link: https://www.rutherfordtitan.com/liquid-nitrogen-generators/liquid-nitrogen-price-usa/?v=7516fd43adaa,,,,,
