SM_name,SM_type,Cp,T_melt,T_max,phase_change_T,sp_latent_heat,mass_density,kth,vol_latent_heat,C_kwh_orig,deltaV,deltaH_thermochem,temperature,specific_strength,dielectric_breakdown,dielectric_constant,deltaG_chem,delta_height,specific_capacitance,deltaV_electrolyte,deltaT_max,materials,mat_basis,original_name,SM_sources,type,notes
(SPrN)2V/NH4[Fe(CN)6],flow_battery,,,,,,,,,49.0,0.82,,,,,,,,,,,"[('Bipyridine', 0.5), ('K4Fe(CN)6', 0.5)]",molar,(SPrN)2V/NH4[Fe(CN)6] 0.9M/0.9M (neutral pH),Diez 2020,,
2D TiS2 nanocrystals,pseudocapacitor,,,,,,,,,,,,,,,,,,395.0,1.2,,TiS2,,,Choi 2015,,
3D Co3O4 nanonetworks,pseudocapacitor,,,,,,,,,,,,,,,,,,797.5,1.5,,Co3O4,,,Choi 2015,,
3D porous graphene-like carbon,ELDC,,,,,,,,,,,,,,,,,,167.0,2.5,,Graphene,,,Choi 2015,,
AQDS/Br,flow_battery,,,,,,,,,57.9,0.92,,,,,,,,,,,"[('AQDS', 0.5), ('Br2', 0.5)]",molar,,Li 2017,Redox flow,
AQDS/FeSO4,flow_battery,,,,,,,,,47.0,0.62,,,,,,,,,,,"[('AQDS', 0.5), ('FeSO4', 0.5)]",molar,"2,7-AQDS/FeSO4 0.33M/0.67M (acid pH)",Diez 2020,,
AQDS/HBr/Br2 ,flow_battery,,,,,,,,,,0.87,,,,,,,,,,,"[('AQDS', 0.5), ('Br2', 0.5)]",molar,"2,7-AQDS/HBr/Br2 1M/3M (acid pH)",Diez 2020,,
AS4-3501–6,virial,,,,,,,,,,,,,1077.9384035197988,,,,,,,,CFRP,,,Kale 2018,,
AS4–8552,virial,,,,,,,,,,,,,1184.844641724794,,,,,,,,CFRP,,,Kale 2018,,
Al,latent_thermal,,,,660.0,0.1102777777777777,,,,,,,,,,,,,,,,Al,,,Alok 2021,,
Al,sensible_thermal,0.00025902777777774997,,660.0,,,2700.0,244.2,,,,,,,,,,,,,,Al,,"Aluminium, Aluminum 99.99 %","Bauer 2012, Steinmann 2022",,
Al-2024,virial,,,,,,,,,,,,,150.8303249097473,,,,,,,,Al,,,Kale 2018,,
Al-6061-T6,virial,,,,,,,,,,,,,101.4760147601476,,,,,,,,Al,,,Kale 2018,,
Al-7075-T6,virial,,,,,,,,,,,,,166.66666666666666,,,,,,,,Al,,,Kale 2018,,
Al-O2,metal_air,,,,,,,,,,2.1,,,,,,,,,,,Al,,,Weinrich 2019,,
Al-air,metal_air,,,,,,,,,,2.71,,,,,,,,,,,Al,,,Weinrich 2019,,
Al/Mg/Zn (59/33/6),latent_thermal,,,,443.0,0.0861111111111111,2380.0,,737.8,,,,,,,,,,,,,"[('Al', 0.59), ('Mg', 0.33), ('Zn', 0.06)]",molar,Al/Mg/Zn (59/33/6),Alva 2018,,
Al/Mg/Zn (60/34/6),latent_thermal,,,,450.3,0.0914166666666666,,,,,,,,,,,,,,,,"[('Al', 0.6), ('Mg', 0.34), ('Zn', 0.06)]",molar,Al/Mg/Zn (60/34/6),Alva 2018,,
Al2O3,dielectric_capacitor,,,,,,3950.0,,,,,,,,500000000.0,10.0,,,,,,Al2O3,,Al2O3 Dielectric Capacitor,TODO,,"The dielectric breakdown strength is larger for thin films of Aluminum oxide than in bulk samples and is on the order of 500 MV/um.(Hanby et al., 2018; Stellanova, 2012; Talbi et al., 2010) "
Al2O3,sensible_thermal,0.0003,,2050.0,,,3990.0,8.0,,,,,,,,,,,,,,Al2O3,,Al2O3,Steinmann 2022,,
Au-MnO2 core-shell,pseudocapacitor,,,,,,,,,,,,,,,,,,524.0,2.0,,"[('Au', 0.5), ('MnO2', 0.5)]",molar,,Choi 2015,,
B,latent_thermal,,,,2350.0,1.2777777777777777,,,,,,,,,,,,,,,,B,,,Alok 2021,,
BTMAP-Vi/BTMAP-Fc,flow_battery,,,,,,,,,,0.75,,,,,,,,,,,Bipyridine,,"BTMAP-Vi/BTMAP-Fc 0.75M/1M (neutral pH), BTMAP-Vi/BTMAP-Fc 1.3M/1.3M (neutral pH)",Diez 2020,,
BTMAP-Vi/TMAP-TEMPO,flow_battery,,,,,,,,,,1.19,,,,,,,,,,,"[('Bipyridine', 0.5), ('TEMPO', 0.5)]",molar,BTMAP-Vi/TMAP-TEMPO 1.5M/1.5M (neutral pH),Diez 2020,,
Ba(OH)2/BaO,thermochemical,,,,,,,,,,,0.1515194444444444,1005.0,,,,,,,,,Ba(OH)2,,,Andre 2016,hydroxides,
Ba/Al,liquid_metal_battery,,,,,,,,,,0.34,,,,,,,,,,,"[('Ba', 0.5), ('Al', 0.5)]",molar,Ba/Al,Kim 2013,,
Ba/Bi,liquid_metal_battery,,,,,,,,,,1.135,,,,,,,,,,,"[('Ba', 0.5), ('Bi', 0.5)]",molar,Ba/Bi,Kim 2013,,
Ba/Cd,liquid_metal_battery,,,,,,,,,,,,,,,,,,,,,"[('Ba', 0.5), ('Cd', 0.5)]",molar,Ba/Cd,Kim 2013,,
Ba/Ga,liquid_metal_battery,,,,,,,,,,,,,,,,,,,,,"[('Ba', 0.5), ('Ga', 0.5)]",molar,Ba/Ga,Kim 2013,,
Ba/Hg,liquid_metal_battery,,,,,,,,,,,,,,,,,,,,,"[('Ba', 0.5), ('Hg', 0.5)]",molar,Ba/Hg,Kim 2013,,
Ba/In,liquid_metal_battery,,,,,,,,,,,,,,,,,,,,,"[('Ba', 0.5), ('In', 0.5)]",molar,Ba/In,Kim 2013,,
Ba/Pb,liquid_metal_battery,,,,,,,,,,0.8400000000000001,,,,,,,,,,,"[('Ba', 0.5), ('Pb', 0.5)]",molar,Ba/Pb,Kim 2013,,
Ba/Sb,liquid_metal_battery,,,,,,,,,,1.275,,,,,,,,,,,"[('Ba', 0.5), ('Sb', 0.5)]",molar,Ba/Sb,Kim 2013,,
Ba/Sn,liquid_metal_battery,,,,,,,,,,0.895,,,,,,,,,,,"[('Ba', 0.5), ('Sn', 0.5)]",molar,Ba/Sn,Kim 2013,,
Ba/Te,liquid_metal_battery,,,,,,,,,,,,,,,,,,,,,"[('Ba', 0.5), ('Te', 0.5)]",molar,Ba/Te,Kim 2013,,
Ba/Tl,liquid_metal_battery,,,,,,,,,,,,,,,,,,,,,"[('Ba', 0.5), ('Tl', 0.5)]",molar,Ba/Tl,Kim 2013,,
Ba/Zn,liquid_metal_battery,,,,,,,,,,,,,,,,,,,,,"[('Ba', 0.5), ('Zn', 0.5)]",molar,Ba/Zn,Kim 2013,,
BaCO3/BaO,thermochemical,,,,,,,,,,,0.2323888888888889,1555.0,,,,,,,,,BaCO3,,,Andre 2016,carbonates,
BaO2/BaO,thermochemical,,,,,,,,,,,0.1201666666666666,880.0,,,,,,,,,BaO,,,Andre 2016,oxides,
Basalt,sensible_thermal,0.00032638888888885,,800.0,,,2800.0,3.2750000000000004,,,,,,,,,,,,,,Stone,,Basalt,"Alva 2018, Steinmann 2022",,
Be(OH)2/BeO,thermochemical,,,,,,,,,,,0.3308333333333333,70.0,,,,,,,,,Be(OH)2,,,Andre 2016,hydroxides,
Block Stacking,gravitational,,,,,,,,,,,,,,,,,100.0,,,,Stone,,Block Stacking,,,
C6,sensible_thermal,0.0001819444444444,,3500.0,,,2350.0,152.5,,,,,,,,,,,,,,C6,,Graphite,"Bauer 2012, Steinmann 2022",,
C6/LCO,solid_electrode,,,,,,,,,98.3,4.2,,,,,,,,,,,"[('Graphite', 0.5), ('LCO', 0.5)]",molar,,Li 2017,Li ion  (C6 anode),
C6/LFP,solid_electrode,,,,,,,,,44.0,3.65,,,,,,,,,,,"[('Graphite', 0.5), ('LFP', 0.5)]",molar,,Li 2017,Li ion  (C6 anode),
C6/LMNO,solid_electrode,,,,,,,,,51.3,4.7,,,,,,,,,,,"[('Graphite', 0.5), ('LMNO', 0.5)]",molar,,Li 2017,Li ion  (C6 anode),
C6/LMO,solid_electrode,,,,,,,,,45.6,4.2,,,,,,,,,,,"[('Graphite', 0.5), ('LMO', 0.5)]",molar,,Li 2017,Li ion  (C6 anode),
C6/LMP,solid_electrode,,,,,,,,,36.3,4.0,,,,,,,,,,,"[('Graphite', 0.5), ('LMP', 0.5)]",molar,,Li 2017,Li ion  (C6 anode),
C6/LRMO LMNO,solid_electrode,,,,,,,,,35.6,4.95,,,,,,,,,,,"[('Graphite', 0.5), ('LRMO LMNO', 0.5)]",molar,,Li 2017,Li ion  (C6 anode),
C6/NCA,solid_electrode,,,,,,,,,68.3,4.2,,,,,,,,,,,"[('Graphite', 0.5), ('NCA', 0.5)]",molar,,Li 2017,Li ion  (C6 anode),
C6/NCM111,solid_electrode,,,,,,,,,51.3,4.2,,,,,,,,,,,"[('Graphite', 0.5), ('NCM111', 0.5)]",molar,,Li 2017,Li ion  (C6 anode),
C6/NCM622,solid_electrode,,,,,,,,,47.1,4.2,,,,,,,,,,,"[('Graphite', 0.5), ('NCM622', 0.5)]",molar,,Li 2017,Li ion  (C6 anode),
Ca(OH)2/CaO,thermochemical,,,,,,,,,,,0.3755555555555555,515.0,,,,,,,,,Ca(OH)2,,,Andre 2016,hydroxides,
Ca-O2,metal_air,,,,,,,,,,3.38,,,,,,,,,,,Ca,,,Weinrich 2019,,
Ca/Al,liquid_metal_battery,,,,,,,,,,0.425,,,,,,,,,,,"[('Ca', 0.5), ('Al', 0.5)]",molar,Ca/Al,Kim 2013,,
Ca/Bi,liquid_metal_battery,,,,,,,,,,0.845,,,,,,,,,,,"[('Ca', 0.5), ('Bi', 0.5)]",molar,Ca/Bi,Kim 2013,,
Ca/Cd,liquid_metal_battery,,,,,,,,,,,,,,,,,,,,,"[('Ca', 0.5), ('Cd', 0.5)]",molar,Ca/Cd,Kim 2013,,
Ca/Ga,liquid_metal_battery,,,,,,,,,,,,,,,,,,,,,"[('Ca', 0.5), ('Ga', 0.5)]",molar,Ca/Ga,Kim 2013,,
Ca/Hg,liquid_metal_battery,,,,,,,,,,,,,,,,,,,,,"[('Ca', 0.5), ('Hg', 0.5)]",molar,Ca/Hg,Kim 2013,,
Ca/In,liquid_metal_battery,,,,,,,,,,0.48,,,,,,,,,,,"[('Ca', 0.5), ('In', 0.5)]",molar,Ca/In,Kim 2013,,
Ca/Pb,liquid_metal_battery,,,,,,,,,,0.595,,,,,,,,,,,"[('Ca', 0.5), ('Pb', 0.5)]",molar,Ca/Pb,Kim 2013,,
Ca/Sb,liquid_metal_battery,,,,,,,,,,0.99,,,,,,,,,,,"[('Ca', 0.5), ('Sb', 0.5)]",molar,Ca/Sb,Kim 2013,,
Ca/Sn,liquid_metal_battery,,,,,,,,,,0.64,,,,,,,,,,,"[('Ca', 0.5), ('Sn', 0.5)]",molar,Ca/Sn,Kim 2013,,
Ca/Te,liquid_metal_battery,,,,,,,,,,,,,,,,,,,,,"[('Ca', 0.5), ('Te', 0.5)]",molar,Ca/Te,Kim 2013,,
Ca/Tl,liquid_metal_battery,,,,,,,,,,,,,,,,,,,,,"[('Ca', 0.5), ('Tl', 0.5)]",molar,Ca/Tl,Kim 2013,,
Ca/Zn,liquid_metal_battery,,,,,,,,,,0.305,,,,,,,,,,,"[('Ca', 0.5), ('Zn', 0.5)]",molar,Ca/Zn,Kim 2013,,
CaCO3,latent_thermal,,,,1330.0,0.0394444444444444,2930.0,,416.1,,,,,,,,,,,,,CaCO3,,CaCO3,"Alok 2021, Alva 2018",,
CaCO3/CaO,thermochemical,,,,,,,,,,,0.4602222222222222,885.0,,,,,,,,,CaCO3,,,Andre 2016,carbonates,
CaCl2,latent_thermal,,,,772.0,0.0702777777777777,2150.0,,544.0,,,,,,,,,,,,,CaCl2,,CaCl2,"Alok 2021, Alva 2018",,
CaCl2/CaSO4/CaMoO4,latent_thermal,,,,673.0,0.0622222222222222,,,,,,,,,,,,,,,,"[('CaCl2', 0.385), ('CaSO4', 0.11), ('CaMoO4', 0.04)]",mass,,Alok 2021,,
CaF2,latent_thermal,,,,1418.0,0.10722222222222219,3180.0,,1243.4,,,,,,,,,,,,,CaF2,,CaF2,"Alok 2021, Alva 2018",,
CaSO4,latent_thermal,,,,1460.0,0.0563888888888888,2320.0,,471.0,,,,,,,,,,,,,CaSO4,,CaSO4,Alva 2018,,
Carbon nanosheets,ELDC,,,,,,,,,,,,,,,,,,198.5,3.5,,Graphite,,,Choi 2015,,
Carbon-Steel-1020,virial,,,,,,,,,,,,,54.79591836734694,,,,,,,,Steel,,,Kale 2018,,
Carbonization of carbon hydrates,ELDC,,,,,,,,,,,,,,,,,,140.0,0.8,,Graphite,,,Choi 2015,,
Carbonized hollow nanocarbon,ELDC,,,,,,,,,,,,,,,,,,171.5,0.9,,Graphite,,,Choi 2015,,
Cd(OH)2/CdO,thermochemical,,,,,,,,,,,0.1137222222222222,125.0,,,,,,,,,Cd(OH)2,,,Andre 2016,hydroxides,
CdCO3/CdO,thermochemical,,,,,,,,,,,0.1555833333333333,290.0,,,,,,,,,CdCO3,,,Andre 2016,carbonates,
CdSO4/CdO,thermochemical,,,,,,,,,,,0.4723611111111111,1095.0,,,,,,,,,CdSO4,,,Andre 2016,sulfates,
Ce4/Zn,hybrid_flow,,,,,,,,,,2.37,,,,,,,,,,,"[('Zn', 0.5), ('CeO2', 0.5)]",molar,Cerium (Ce4+),Diez 2020,,
Clay,sensible_thermal,0.0002444444444444,,,,,1450.0,1.28,,,,,,,,,,,,,,Clay,,Soil (clay),Bauer 2012,,
Co(OH)2 nanosheets,pseudocapacitor,,,,,,,,,,,,,,,,,,1805.0,0.5,,Co(OH)2,,,Choi 2015,,
Co3O4 nanostructures,pseudocapacitor,,,,,,,,,,,,,,,,,,313.0,0.8,,Co3O4,,,Choi 2015,,
Co3O4/CoO,thermochemical,,,,,,,,,,,0.2266944444444444,935.0,,,,,,,,,Co3O4,,,Andre 2016,oxides,
CoAl/PEDOT nanoarrays,pseudocapacitor,,,,,,,,,,,,,,,,,,548.0,0.6,,"[('Co', 0.25), ('Al', 0.25), ('PEDOT', 0.5)]",molar,,Choi 2015,,
CoCl2 nanostructures,pseudocapacitor,,,,,,,,,,,,,,,,,,1962.0,0.45,,CoCl2,,,Choi 2015,,
CoO/PPy nanowires,pseudocapacitor,,,,,,,,,,,,,,,,,,1435.0,1.6,,"[('CoO', 0.5), ('PPy', 0.5)]",molar,,Choi 2015,,
CoSO4/CoO,thermochemical,,,,,,,,,,,0.5906388888888889,1005.0,,,,,,,,,CoSO4,,,Andre 2016,sulfates,
Concrete,sensible_thermal,0.0002541666666666,,450.0,,,2750.0,1.0,,,,,,,,,,,,,,Concrete,,Concrete,Steinmann 2022,,
Cr,latent_thermal,,,,2180.0,0.1111111111111111,,,,,,,,,,,,,,,,Cr,,,Alok 2021,,
Cr5O12/Cr2O3,thermochemical,,,,,,,,,,,0.0775277777777777,105.0,,,,,,,,,Cr2O3,,,Andre 2016,oxides,
Cu,latent_thermal,,,,1356.0,0.0536111111111111,,,,,,,,,,,,,,,,Cu,,,Alok 2021,,
Cu,sensible_thermal,0.0001163888888888,,,,,8300.0,372.0,,,,,,,,,,,,,,Cu,,Copper (commercial),Bauer 2012,,
Cu/Cu,hybrid_flow,,,,,,,,,53.0,0.6,,,,,,,,,,,Cu,,,Li 2017,Redox flow,
Cu/P/Si (83/10/7),latent_thermal,,,,840.0,0.0255555555555555,6880.0,,633.0,,,,,,,,,,,,,"[('Cu', 0.83), ('P', 0.1), ('Metallurgical Silicon', 0.07)]",molar,Cu/P/Si (83/10/7),Alva 2018,,
Cu/Si (80/20),latent_thermal,,,,803.0,0.0547222222222222,6600.0,,1300.2,,,,,,,,,,,,,"[('Cu', 0.8), ('Metallurgical Silicon', 0.2)]",molar,Cu/Si (80/20),Alva 2018,,
CuO nanowires,pseudocapacitor,,,,,,,,,,,,,,,,,,110.0,0.45,,CuO,,,Choi 2015,,
CuO/Cu2O,thermochemical,,,,,,,,,,,0.2250555555555555,1115.0,,,,,,,,,CuO,,,Andre 2016,oxides,
CuSO4/CuO,thermochemical,,,,,,,,,,,0.52275,875.0,,,,,,,,,CuSO4,,,Andre 2016,sulfates,
DBEAQ/K4[Fe(CN)6],flow_battery,,,,,,,,,44.0,1.05,,,,,,,,,,,"[('AQDS', 0.5), ('K4Fe(CN)6', 0.5)]",molar,"2,6-DBEAQ/K4[Fe(CN)6] 0.5M/0.3M pH 12",Diez 2020,,
DHPS/K4[Fe(CN)6],flow_battery,,,,,,,,,,1.4,,,,,,,,,,,"[('AQDS', 0.5), ('K4Fe(CN)6', 0.5)]",molar,DHPS/K4[Fe(CN)6] 1.4M/0.31M (pH 14),Diez 2020,,
DPPEAQ/K4[Fe(CN)6],flow_battery,,,,,,,,,44.0,1.0,,,,,,,,,,,"[('AQDS', 0.5), ('K4Fe(CN)6', 0.5)]",molar,"2,6-DPPEAQ/K4[Fe(CN)6] 0.5M/0.4M (pH 9)",Diez 2020,,
Dowtherm A,sensible_thermal,0.0004527777777777,12.0,400.0,,,,0.1083,,,,,,,,,,,,,,Dowtherm,,Dowtherm A,Alva 2018,,
E-Glass Epoxy,virial,,,,,,,,,,,,,398.60308285163774,,,,,,,,GRE,,,Kale 2018,,
Fe,sensible_thermal,0.00014097222222215,,1200.0,,,7525.0,47.15,,,,,,,,,,,,,,Fe,,"Cast iron, Iron","Bauer 2012, Steinmann 2022",,
Fe-air,metal_air,,,,,,,,,,1.28,,,,,,,,,,,Fe,,,Weinrich 2019,,
Fe/Fe,flow_battery,,,,,,,,,15.5,1.2,,,,,,,,,,,Fe,,,Li 2017,Redox flow,
Fe2O3/Fe3O4,thermochemical,,,,,,,,,,,0.1348888888888889,1360.0,,,,,,,,,Iron Ore,,,Andre 2016,oxides,
Fe2O3/MnO2 nanowires,pseudocapacitor,,,,,,,,,,,,,,,,,,659.0,0.6,,"[('Iron Ore', 0.5), ('MnO2', 0.5)]",molar,,Choi 2015,,
FeCl3Zn,hybrid_flow,,,,,,,,,100.0,1.53,,,,,,,,,,,"[('Zn', 0.5), ('FeCl2', 0.5)]",molar,Iron-acidic (FeCl3),Diez 2020,,
FeSO4/FeO,thermochemical,,,,,,,,,,,0.6332722222222222,1030.0,,,,,,,,,FeSO4,,,Andre 2016,sulfates,
GO-activate carbon,ELDC,,,,,,,,,,,,,,,,,,122.5,3.5,,Graphene Oxide,,,Choi 2015,,
Granite,sensible_thermal,0.00026851851851846664,,570.0,,,2675.0,2.85,,,,,,,,,,,,,,"Granite, Stone",,Granite,"Alva 2018, Bauer 2012, Steinmann 2022",,
Graphene-coated CNTs,ELDC,,,,,,,,,,,,,,,,,,95.0,3.0,,"[('Graphene', 0.5), ('CNT', 0.5)]",molar,,Choi 2015,,
Graphene/CNF,ELDC,,,,,,,,,,,,,,,,,,174.0,1.5,,"[('Graphene', 0.5), ('Graphite', 0.5)]",molar,,Choi 2015,,
Graphene/CNT,ELDC,,,,,,,,,,,,,,,,,,199.0,4.0,,"[('Graphene', 0.5), ('CNT', 0.5)]",molar,,Choi 2015,,
Graphene/CNT composite fibers,ELDC,,,,,,,,,,,,,,,,,,20.5,0.8,,"[('Graphene', 0.5), ('CNT', 0.5)]",molar,,Choi 2015,,
Graphene/carbon,ELDC,,,,,,,,,,,,,,,,,,175.0,3.5,,"[('Graphene', 0.5), ('Graphite', 0.5)]",molar,,Choi 2015,,
Gravel,sensible_thermal,0.0005111111111111,,,,,2040.0,0.59,,,,,,,,,,,,,,Gravel,,Soil (gravelly),Bauer 2012,,
HITEC,latent_thermal,,,,142.0,0.0233333333333333,2057.0,,,,,,,,,,,,,,,HITEC,,KNO3-NaNO2-NaNO3,Steinmann 2022,,
HITEC,sensible_thermal,0.0004348611111111,142.0,517.5,,,1800.0,0.6,,,,,,,,,,,,,358.0,HITEC,,"HITEC, HITEC, NaNO3eKNO3e NaNO2","Alva 2018, Steinmann 2022",,
HITEC XL,sensible_thermal,0.0003954166666666,125.0,490.0,,,1900.0,0.519,,,,,,,,,,,,,350.0,"HITEC, HITEC XL",,"HITEC XL, HITEC XL, NaNO3e KNO3eCa(NO3)2","Alva 2018, Steinmann 2022",,
Halogen-containing nanoporous carbon,ELDC,,,,,,,,,,,,,,,,,,211.5,1.0,,Graphite,,,Choi 2015,,
Hollow NiCo2S4 nanoplates,pseudocapacitor,,,,,,,,,,,,,,,,,,334.0,0.5,,NiCo2S4,,,Choi 2015,,
I3/Zn,hybrid_flow,,,,,,,,,,1.27,,,,,,,,,,,"[('Zn', 0.5), ('I2', 0.5)]",molar,Iodine (I3?),Diez 2020,,
ICB,flow_battery,,,,,,,,,28.3,1.18,,,,,,,,,,,"[('Cr', 0.5), ('Fe', 0.5)]",molar,,Li 2017,Redox flow,
IM7-8551–7,virial,,,,,,,,,,,,,1318.2973316391358,,,,,,,,CFRP,,,Kale 2018,,
IM7–8552,virial,,,,,,,,,,,,,1389.168765743073,,,,,,,,CFRP,,,Kale 2018,,
Iron Ore,sensible_thermal,0.00025,,,,,,,,,,,,,,,,,,,,Iron Ore,,Magnetite,Grosu 2017,,TODO: approximate from graph average by eye
K-O2,metal_air,,,,,,,,,,2.48,,,,,,,,,,,K,,,Weinrich 2019,,
K/Al,liquid_metal_battery,,,,,,,,,,,,,,,,,,,,,"[('K', 0.5), ('Al', 0.5)]",molar,K/Al,Kim 2013,,
K/Bi,liquid_metal_battery,,,,,,,,,,0.675,,,,,,,,,,,"[('K', 0.5), ('Bi', 0.5)]",molar,K/Bi,Kim 2013,,
K/Cd,liquid_metal_battery,,,,,,,,,,,,,,,,,,,,,"[('K', 0.5), ('Cd', 0.5)]",molar,K/Cd,Kim 2013,,
K/Ga,liquid_metal_battery,,,,,,,,,,,,,,,,,,,,,"[('K', 0.5), ('Ga', 0.5)]",molar,K/Ga,Kim 2013,,
K/Hg,liquid_metal_battery,,,,,,,,,,0.395,,,,,,,,,,,"[('K', 0.5), ('Hg', 0.5)]",molar,K/Hg,Kim 2013,,
K/In,liquid_metal_battery,,,,,,,,,,0.13,,,,,,,,,,,"[('K', 0.5), ('In', 0.5)]",molar,K/In,Kim 2013,,
K/Pb,liquid_metal_battery,,,,,,,,,,0.33,,,,,,,,,,,"[('K', 0.5), ('Pb', 0.5)]",molar,K/Pb,Kim 2013,,
K/Sb,liquid_metal_battery,,,,,,,,,,0.775,,,,,,,,,,,"[('K', 0.5), ('Sb', 0.5)]",molar,K/Sb,Kim 2013,,
K/Sn,liquid_metal_battery,,,,,,,,,,,,,,,,,,,,,"[('K', 0.5), ('Sn', 0.5)]",molar,K/Sn,Kim 2013,,
K/Te,liquid_metal_battery,,,,,,,,,,1.785,,,,,,,,,,,"[('K', 0.5), ('Te', 0.5)]",molar,K/Te,Kim 2013,,
K/Tl,liquid_metal_battery,,,,,,,,,,0.255,,,,,,,,,,,"[('K', 0.5), ('Tl', 0.5)]",molar,K/Tl,Kim 2013,,
K/Zn,liquid_metal_battery,,,,,,,,,,,,,,,,,,,,,"[('K', 0.5), ('Zn', 0.5)]",molar,K/Zn,Kim 2013,,
K2CO3,latent_thermal,,,,897.0,0.0608333333333333,2290.0,,540.4,,,,,,,,,,,,,K2CO3,,K2CO3,"Alok 2021, Alva 2018",,
K2CO3/Na2CO3,latent_thermal,,,,710.0,0.0452777777777777,,,,,,,,,,,,,,,,"[('K2CO3', 0.5), ('Na2CO3', 0.5)]",mass,,Alok 2021,,
K2SO4,latent_thermal,,,,1069.0,0.0588888888888888,2660.0,,563.9,,,,,,,,,,,,,K2SO4,,K2SO4,Alva 2018,,
K3[Fe(CN)6]/Zn,hybrid_flow,,,,,,,,,79.0,1.61,,,,,,,,,,,"[('Zn', 0.5), ('K4Fe(CN)6', 0.5)]",molar,Iron-alkaline K3[Fe(CN)6],Diez 2020,,
KBF,sensible_thermal,0.0003626111111111,460.0,700.0,,,2257.1974,,,11.75,,,,,,,,,,,,"[('KF', 0.13), ('KBF4', 0.87)]",mass,,Caraballo 2021,Fluoride,
KCl,latent_thermal,,,,771.0,0.0980555555555555,1980.0,,698.9,,,,,,,,,,,,,KCl,,KCl,"Alok 2021, Alva 2018",,
KCl/KF,latent_thermal,,,,605.0,0.1130555555555555,,,,,,,,,,,,,,,,"[('KCl', 0.45), ('KF', 0.55)]",mass,,Alok 2021,,
KCl/KF/K2CO3,latent_thermal,,,,528.0,0.0786111111111111,,,,,,,,,,,,,,,,"[('KCl', 0.4), ('KF', 0.23), ('K2CO3', 0.37)]",mass,,Alok 2021,,
KCl/NaF/K2CO3,latent_thermal,,,,520.0,0.0761111111111111,,,,,,,,,,,,,,,,"[('KCl', 0.21), ('NaF', 0.17), ('K2CO3', 0.62)]",mass,,Alok 2021,,
KF,latent_thermal,,,,858.0,0.13541666666666666,2370.0,,1109.2,,,,,,,,,,,,,KF,,KF,"Alok 2021, Alva 2018",,
KF/KCl,latent_thermal,,,,605.0,0.1130555555555555,,,,,,,,,,,,,,,,"[('KF', 0.55), ('KCl', 0.45)]",mass,,Alok 2021,,
KMgCl,sensible_thermal,0.0002775,430.0,700.0,,,2124.626,,,1.29,,,,,,,,,,,,"[('KCl', 0.625), ('MgCl2', 0.375)]",mass,,Caraballo 2021,Chloride,
KMgZnCl,sensible_thermal,0.0002406666666666,356.0,700.0,,,2169.0074,,,3.36,,,,,,,,,,,,"[('KCl', 0.494), ('MgCl2', 0.155), ('ZnCl2', 0.351)]",mass,,Caraballo 2021,Chloride,
KNO3,latent_thermal,,,,335.0,0.050138888888888795,2021.0,0.5,561.0,,,,,,,,,,,,,KNO3,,KNO3,"Alva 2018, Steinmann 2022",,
KOH,latent_thermal,,,,380.0,0.0416666666666666,2040.0,,306.0,,,,,,,,,,,,,KOH,,KOH,Alva 2018,,
KZrF,sensible_thermal,0.0002777777777777,420.0,700.0,,,3040.6547,,,17.32,,,,,,,,,,,,"[('KF', 0.325), ('ZrF4', 0.675)]",mass,,Caraballo 2021,Fluoride,
Kevlar-49 Epoxy,virial,,,,,,,,,,,,,597.1820809248555,,,,,,,,KFRP,,,Kale 2018,,
LTO/LMO,solid_electrode,,,,,,,,,90.1,2.7,,,,,,,,,,,"[('LTO', 0.5), ('LMO', 0.5)]",molar,,Li 2017,Li ion  (C6 anode),
Lead(44.5%)ebismuth(55.5%) eutectic (LBE),sensible_thermal,3.888888888888889e-05,125.0,1533.0,,,,14.9,,,,,,,,,,,,,,"[('Pb', 0.445), ('Bi', 0.555)]",mass,Lead(44.5%)ebismuth(55.5%) eutectic (LBE),Alva 2018,,
Li-O2,metal_air,,,,,,,,,,2.96,,,,,,,,,,,Li,,,Weinrich 2019,,
Li/Al,liquid_metal_battery,,,,,,,,,,0.3,,,,,,,,,,,"[('Li', 0.5), ('Al', 0.5)]",molar,Li/Al,Kim 2013,,
Li/Bi,liquid_metal_battery,,,,,,,,,,0.815,,,,,,,,,,,"[('Li', 0.5), ('Bi', 0.5)]",molar,Li/Bi,Kim 2013,,
Li/Cd,liquid_metal_battery,,,,,,,,,,0.465,,,,,,,,,,,"[('Li', 0.5), ('Cd', 0.5)]",molar,Li/Cd,Kim 2013,,
Li/Ga,liquid_metal_battery,,,,,,,,,,0.58,,,,,,,,,,,"[('Li', 0.5), ('Ga', 0.5)]",molar,Li/Ga,Kim 2013,,
Li/Hg,liquid_metal_battery,,,,,,,,,,,,,,,,,,,,,"[('Li', 0.5), ('Hg', 0.5)]",molar,Li/Hg,Kim 2013,,
Li/In,liquid_metal_battery,,,,,,,,,,0.525,,,,,,,,,,,"[('Li', 0.5), ('In', 0.5)]",molar,Li/In,Kim 2013,,
Li/LCO,solid_electrode,,,,,,,,,90.3,4.7,,,,,,,,,,,"[('Li', 0.5), ('LCO', 0.5)]",molar,,Li 2017,Lithium metal,
Li/MoS2,solid_electrode,,,,,,,,,35.7,2.5,,,,,,,,,,,"[('Li', 0.5), ('MoS2', 0.5)]",molar,,Li 2017,Lithium metal,
Li/Pb,liquid_metal_battery,,,,,,,,,,0.55,,,,,,,,,,,"[('Li', 0.5), ('Pb', 0.5)]",molar,Li/Pb,Kim 2013,,
Li/Pb2Sb,liquid_metal_battery,,,,,,,,,64.1,0.92,,,,,,,,,,,"[('Li', 0.25), ('Pb', 0.5), ('Sb', 0.25)]",molar,,Li 2017,High temperature,
Li/S,solid_electrode,,,,,,,,,13.7,2.5,,,,,,,,,,,"[('Li', 0.5), ('S', 0.5)]",molar,,Li 2017,Lithium metal,
Li/Sb,liquid_metal_battery,,,,,,,,,,0.92,,,,,,,,,,,"[('Li', 0.5), ('Sb', 0.5)]",molar,Li/Sb,Kim 2013,,
Li/Sn,liquid_metal_battery,,,,,,,,,,0.635,,,,,,,,,,,"[('Li', 0.5), ('Sn', 0.5)]",molar,Li/Sn,Kim 2013,,
Li/Te,liquid_metal_battery,,,,,,,,,,1.73,,,,,,,,,,,"[('Li', 0.5), ('Te', 0.5)]",molar,Li/Te,Kim 2013,,
Li/TiS2,solid_electrode,,,,,,,,,192.1,2.5,,,,,,,,,,,"[('Li', 0.5), ('TiS2', 0.5)]",molar,,Li 2017,Lithium metal,
Li/Tl,liquid_metal_battery,,,,,,,,,,,,,,,,,,,,,"[('Li', 0.5), ('Tl', 0.5)]",molar,Li/Tl,Kim 2013,,
Li/Zn,liquid_metal_battery,,,,,,,,,,0.19,,,,,,,,,,,"[('Li', 0.5), ('Zn', 0.5)]",molar,Li/Zn,Kim 2013,,
Li/air,metal_air,,,,,,,,,45.5,2.91,,,,,,,,,,,Li,,,Li 2017,Lithium metal,
Li2CO3,latent_thermal,,,,732.0,0.1413888888888889,2110.0,,1074.0,,,,,,,,,,,,,Li2CO3,,Li2CO3,"Alok 2021, Alva 2018",,
Li2O2/Li2O,thermochemical,,,,,,,,,,,0.2071944444444444,145.0,,,,,,,,,Li2O,,,Andre 2016,oxides,
Li2SO4,latent_thermal,,,,858.0,0.0233333333333333,2220.0,,186.5,,,,,,,,,,,,,Li2SO4,,Li2SO4,Alva 2018,,
LiCl,latent_thermal,,,,610.0,0.11902777777777775,2070.0,,912.9,,,,,,,,,,,,,LiCl,,LiCl,"Alok 2021, Alva 2018",,
LiF,latent_thermal,,,,849.0,0.2897222222222222,2640.0,,2756.2,,,,,,,,,,,,,LiF,,LiF,"Alok 2021, Alva 2018, Steinmann 2022",,
LiF/MgF2,latent_thermal,,,,746.0,0.2630555555555555,,,,,,,,,,,,,,,,"[('LiF', 0.67), ('MgF2', 0.33)]",mass,,Alok 2021,,
LiF/NaF,latent_thermal,,,,652.0,0.2266666666666666,,,,,,,,,,,,,,,,"[('LiF', 0.6), ('NaF', 0.4)]",mass,,Alok 2021,,
LiF/NaF2/MgF2,latent_thermal,,,,650.0,0.2388888888888889,,,,,,,,,,,,,,,,"[('LiF', 0.334), ('NaF2', 0.499), ('MgF2', 0.171)]",mass,,Alok 2021,,
LiNaKCO3,sensible_thermal,0.0004472222222222,397.0,670.0,,,2269.566,,,4.15,,,,,,,,,,,,"[('Li2CO3', 0.321), ('Na2CO3', 0.334), ('K2CO3', 0.345)]",mass,,Caraballo 2021,Carbonate,
LiNaKCaNO3,sensible_thermal,0.0004216666666666,93.0,450.0,,,1992.3,,,1.29,,,,,,,,,,,,"[('LiNO3', 0.155), ('NaNO3', 0.082), ('KNO3', .543), ('Ca(NO3)2', 0.22)]",mass,,Caraballo 2021,Nitrate,
LiNaKF,sensible_thermal,0.0002716231666666,454.0,700.0,,,2529.27,,,5.11,,,,,,,,,,,,"[('LiF', 0.292), ('NaF', 0.117), ('KF', 0.591)]",mass,,Caraballo 2021,Fluoride,
LiNaKNO3,sensible_thermal,0.0004388888888888,118.0,550.0,,,2087.388,,,1.61,,,,,,,,,,,,"[('LiNO3', 0.3), ('NaNO3', 0.18), ('KNO3', 0.52)]",mass,,Caraballo 2021,Nitrate,
LiNaKNO3NO2,sensible_thermal,0.0003153808333333,97.0,450.0,,,2073.28,,,,,,,,,,,,,,,"[('LiNO3', 0.09), ('NaNO3', 0.423), ('KNO3', 0.336), ('KNO2', 0.151)]",mass,,Caraballo 2021,Nitrate,
LiOH,latent_thermal,,,,462.0,0.2425,1460.0,,1274.6,,,,,,,,,,,,,LiOH,,LiOH,Alva 2018,,
Limestone,sensible_thermal,0.00027777777777774997,,800.0,,,2500.0,1.725,,,,,,,,,,,,,,"Limestone, Stone",,Limestone,"Bauer 2012, Steinmann 2022",,
Marble,sensible_thermal,0.0002361111111111,,,,,,7.7,,,,,,,,,,,,,,Stone,,Marble,Alva 2018,,
Mesoporous carbon nanosheets,ELDC,,,,,,,,,,,,,,,,,,115.0,2.7,,Graphite,,,Choi 2015,,
Mesoporous graphene nanoballs,ELDC,,,,,,,,,,,,,,,,,,206.0,0.8,,Graphene,,,Choi 2015,,
Mg,latent_thermal,,,,661.0,0.1077777777777777,,,,,,,,,,,,,,,,Mg,,,Alok 2021,,
Mg (NO3)2,latent_thermal,,,,426.0,,,,,,,,,,,,,,,,,Mg(NO3)2,,Mg (NO3)2,Alva 2018,,
Mg(OH)2/MgO,thermochemical,,,,,,,,,,,0.3702777777777777,265.0,,,,,,,,,Mg(OH)2,,,Andre 2016,hydroxides,
Mg-Air,metal_air,,,,,,,,,,2.77,,,,,,,,,,,Mg,,,Weinrich 2019,,
Mg-O2,metal_air,,,,,,,,,,2.95,,,,,,,,,,,Mg,,,Weinrich 2019,,
Mg/Al,liquid_metal_battery,,,,,,,,,,0.135,,,,,,,,,,,"[('Mg', 0.5), ('Al', 0.5)]",molar,Mg/Al,Kim 2013,,
Mg/Bi,liquid_metal_battery,,,,,,,,,,0.325,,,,,,,,,,,"[('Mg', 0.5), ('Bi', 0.5)]",molar,Mg/Bi,Kim 2013,,
Mg/Ca (84/16),latent_thermal,,,,790.0,0.0755555555555555,1380.0,,375.4,,,,,,,,,,,,,"[('Mg', 0.84), ('Ca', 0.16)]",molar,Mg/Ca (84/16),Alva 2018,,
Mg/Cd,liquid_metal_battery,,,,,,,,,,0.15,,,,,,,,,,,"[('Mg', 0.5), ('Cd', 0.5)]",molar,Mg/Cd,Kim 2013,,
Mg/Cu/Zn (60/25/15),latent_thermal,,,,452.0,0.0705555555555555,2800.0,,711.2,,,,,,,,,,,,,"[('Mg', 0.6), ('Cu', 0.25), ('Zn', 0.15)]",molar,Mg/Cu/Zn (60/25/15),Alva 2018,,
Mg/Ga,liquid_metal_battery,,,,,,,,,,0.195,,,,,,,,,,,"[('Mg', 0.5), ('Ga', 0.5)]",molar,Mg/Ga,Kim 2013,,
Mg/Hg,liquid_metal_battery,,,,,,,,,,,,,,,,,,,,,"[('Mg', 0.5), ('Hg', 0.5)]",molar,Mg/Hg,Kim 2013,,
Mg/In,liquid_metal_battery,,,,,,,,,,0.175,,,,,,,,,,,"[('Mg', 0.5), ('In', 0.5)]",molar,Mg/In,Kim 2013,,
Mg/Pb,liquid_metal_battery,,,,,,,,,,0.1699999999999999,,,,,,,,,,,"[('Mg', 0.5), ('Pb', 0.5)]",molar,Mg/Pb,Kim 2013,,
Mg/Sb,liquid_metal_battery,,,,,,,,,,0.45,,,,,,,,,,,"[('Mg', 0.5), ('Sb', 0.5)]",molar,Mg/Sb,Kim 2013,,
Mg/Si/Zn (47/38/15),latent_thermal,,,,800.0,0.0872222222222222,,,,,,,,,,,,,,,,"[('Mg', 0.47), ('Metallurgical Silicon', 0.38), ('Zn', 0.15)]",molar,Mg/Si/Zn (47/38/15),Alva 2018,,
Mg/Sn,liquid_metal_battery,,,,,,,,,,0.27,,,,,,,,,,,"[('Mg', 0.5), ('Sn', 0.5)]",molar,Mg/Sn,Kim 2013,,
Mg/Te,liquid_metal_battery,,,,,,,,,,,,,,,,,,,,,"[('Mg', 0.5), ('Te', 0.5)]",molar,Mg/Te,Kim 2013,,
Mg/Ti2S4,solid_electrode,,,,,,,,,358.7,1.7,,,,,,,,,,,"[('Mg', 0.25), ('TiS2', 0.75)]",molar,,Li 2017,Mg2+ based,
Mg/Tl,liquid_metal_battery,,,,,,,,,,0.175,,,,,,,,,,,"[('Mg', 0.5), ('Tl', 0.5)]",molar,Mg/Tl,Kim 2013,,
Mg/Zn,liquid_metal_battery,,,,,,,,,,0.145,,,,,,,,,,,"[('Mg', 0.5), ('Zn', 0.5)]",molar,Mg/Zn,Kim 2013,,
Mg2CO3,latent_thermal,,,,,0.1938888888888889,,,,,,,,,,,,,,,,Mg2CO3,,,Alok 2021,,
MgCO3/MgO,thermochemical,,,,,,,,,,,0.3261111111111111,300.0,,,,,,,,,MgCO3,,,Andre 2016,carbonates,
MgCl2,latent_thermal,,,,714.0,0.1258333333333333,2320.0,,1048.6,,,,,,,,,,,,,MgCl2,,MgCl2,"Alok 2021, Alva 2018",,
MgF2,latent_thermal,,,,,0.2605555555555555,,,,,,,,,,,,,,,,MgF2,,,Alok 2021,,
MgO,sensible_thermal,0.0003194444444444,,2830.0,,,3570.0,14.0,,,,,,,,,,,,,,MgO,,MgO,Steinmann 2022,,
MgO2/MgO,thermochemical,,,,,,,,,,,0.1057222222222222,205.0,,,,,,,,,MgO,,,Andre 2016,oxides,
MgSO4,latent_thermal,,,,1130.0,0.0338888888888888,2660.0,,324.5,,,,,,,,,,,,,MgSO4,,MgSO4,Alva 2018,,
MgSO4/MgO,thermochemical,,,,,,,,,,,0.8048611111111111,1140.0,,,,,,,,,MgSO4,,,Andre 2016,sulfates,
Mn(OH)2/MnO,thermochemical,,,,,,,,,,,0.2094444444444444,190.0,,,,,,,,,Mn(OH)2,,,Andre 2016,hydroxides,
Mn2O3/Mn3O4,thermochemical,,,,,,,,,,,0.0528055555555555,915.0,,,,,,,,,Mn2O2,,,Andre 2016,oxides,
Mn3O4/MnO,thermochemical,,,,,,,,,,,0.2362777777777777,1700.0,,,,,,,,,MnO2,,,Andre 2016,oxides,
MnSO4/MnO,thermochemical,,,,,,,,,,,0.65825,1065.0,,,,,,,,,MnSO4,,,Andre 2016,sulfates,
Mobiltherm 605,sensible_thermal,0.0008055555555555,10.0,315.0,,,700.0,,,,,,,,,,,,,,325.0,Mobiltherm 605,,Mobiltherm 605,Steinmann 2022,,
N-doped 3D nanoporous carbon,ELDC,,,,,,,,,,,,,,,,,,265.0,1.0,,Graphite,,,Choi 2015,,
N-doped carbon nanosheets,ELDC,,,,,,,,,,,,,,,,,,165.0,1.0,,Graphite,,,Choi 2015,,
N-doped carbon nanospheres,ELDC,,,,,,,,,,,,,,,,,,128.0,1.0,,Graphite,,,Choi 2015,,
N-doped nanoporous carbon,ELDC,,,,,,,,,,,,,,,,,,165.0,1.0,,Graphite,,,Choi 2015,,
NTP/NMO,solid_electrode,,,,,,,,,212.4,1.3,,,,,,,,,,,"[('NTP', 0.5), ('NMO', 0.5)]",molar,,Li 2017,Na ion (aqueous),
Na,sensible_thermal,0.0003611111111111,98.0,873.0,,,900.0,,,,,,,,,,,,,,775.0,Na,,Sodium,Steinmann 2022,,
Na-O2,metal_air,,,,,,,,,,2.33,,,,,,,,,,,Na,,,Weinrich 2019,,
Na/Al,liquid_metal_battery,,,,,,,,,,,,,,,,,,,,,"[('Na', 0.5), ('Al', 0.5)]",molar,Na/Al,Kim 2013,,
Na/Bi,liquid_metal_battery,,,,,,,,,,0.605,,,,,,,,,,,"[('Na', 0.5), ('Bi', 0.5)]",molar,Na/Bi,Kim 2013,,
Na/Cd,liquid_metal_battery,,,,,,,,,,0.12,,,,,,,,,,,"[('Na', 0.5), ('Cd', 0.5)]",molar,Na/Cd,Kim 2013,,
Na/Ga,liquid_metal_battery,,,,,,,,,,0.105,,,,,,,,,,,"[('Na', 0.5), ('Ga', 0.5)]",molar,Na/Ga,Kim 2013,,
Na/Hg,liquid_metal_battery,,,,,,,,,,0.4,,,,,,,,,,,"[('Na', 0.5), ('Hg', 0.5)]",molar,Na/Hg,Kim 2013,,
Na/In,liquid_metal_battery,,,,,,,,,,0.18,,,,,,,,,,,"[('Na', 0.5), ('In', 0.5)]",molar,Na/In,Kim 2013,,
Na/NiCl2,liquid_metal_battery,,,,,,,,,6.6,2.58,,,,,,,,,,,"[('Na', 0.5), ('NiCl2(H2O)6', 0.5)]",molar,,Li 2017,High temperature,
Na/P2-NMO,solid_electrode,,,,,,,,,38.9,1.4,,,,,,,,,,,"[('Na', 0.5), ('P2_NMO', 0.5)]",molar,,Li 2017,Na ion (nonaqueous),
Na/Pb,liquid_metal_battery,,,,,,,,,,0.3349999999999999,,,,,,,,,,,"[('Na', 0.5), ('Pb', 0.5)]",molar,Na/Pb,Kim 2013,,
Na/S,liquid_metal_battery,,,,,,,,,1.6,2.0,,,,,,,,,,,"[('Na', 0.5), ('S', 0.5)]",molar,,Li 2017,High temperature,
Na/Sb,liquid_metal_battery,,,,,,,,,,0.735,,,,,,,,,,,"[('Na', 0.5), ('Sb', 0.5)]",molar,Na/Sb,Kim 2013,,
Na/Sn,liquid_metal_battery,,,,,,,,,,0.335,,,,,,,,,,,"[('Na', 0.5), ('Sn', 0.5)]",molar,Na/Sn,Kim 2013,,
Na/Te,liquid_metal_battery,,,,,,,,,,1.595,,,,,,,,,,,"[('Na', 0.5), ('Te', 0.5)]",molar,Na/Te,Kim 2013,,
Na/Tl,liquid_metal_battery,,,,,,,,,,0.265,,,,,,,,,,,"[('Na', 0.5), ('Tl', 0.5)]",molar,Na/Tl,Kim 2013,,
Na/Zn,liquid_metal_battery,,,,,,,,,,,,,,,,,,,,,"[('Na', 0.5), ('Zn', 0.5)]",molar,Na/Zn,Kim 2013,,
Na2CO3,latent_thermal,,,,854.0,0.06124999999999996,2533.0,,699.1,,,,,,,,,,,,,Na2CO3,,Na2CO3,"Alok 2021, Alva 2018",,
Na2SO4,latent_thermal,,,,884.0,0.0458333333333333,2680.0,,442.2,,,,,,,,,,,,,Na2SO4,,Na2SO4,Alva 2018,,
NaBF,sensible_thermal,0.0004183333333333,385.0,700.0,,,2251.389,,,10.29,,,,,,,,,,,,"[('NaF', 0.03), ('NaBF4', 0.97)]",mass,,Caraballo 2021,Fluoride,
NaCl,latent_thermal,,,,802.0,0.12527777777777774,2160.0,,907.2,,,,,,,,,,,,,NaCl,,NaCl,"Alok 2021, Alva 2018",,
NaCl,sensible_thermal,0.00023749999999995,,800.0,,,2157.5,5.0,,,,,,,,,,,,,,NaCl,,"NaCl, Sodium chloride","Bauer 2012, Steinmann 2022",,
NaCl/NaBr/Na2MoO4,latent_thermal,,,,612.0,0.0466666666666666,,,,,,,,,,,,,,,,"[('NaCl', 0.385), ('NaBr', 0.23), ('Na2MoO4', 0.385)]",mass,,Alok 2021,,
NaF,latent_thermal,,,,996.0,0.2205555555555555,2558.0,,2031.1,,,,,,,,,,,,,NaF,,NaF,"Alok 2021, Alva 2018",,
NaF/CaF2/MgF2,latent_thermal,,,,744.0,0.15861111111111104,,,,,,,,,,,,,,,,"[('NaF', 0.65), ('CaF2', 0.23), ('MgF2', 0.12)]",mass,,Alok 2021,,
NaF/MgF2,latent_thermal,,,,832.0,0.1741666666666666,,,,,,,,,,,,,,,,"[('NaF', 0.75), ('MgF2', 0.25)]",mass,,Alok 2021,,
NaF/MgF2/KF,latent_thermal,,,,804.0,0.1805555555555555,,,,,,,,,,,,,,,,"[('NaF', 0.64), ('MgF2', 0.2), ('KF', 0.16)]",mass,,Alok 2021,,
NaKMgCl,sensible_thermal,0.0002843888888888,383.0,700.0,,,1898.7747,,,0.68,,,,,,,,,,,,"[('NaCl', 0.205), ('KCl', 0.309), ('MgCl2', 0.486)]",mass,,Caraballo 2021,Chloride,
NaKZnCl,sensible_thermal,0.0002531603611111,204.0,700.0,,,2624.514,,,1.79,,,,,,,,,,,,"[('NaCl', 0.075), ('KCl', 0.239), ('ZnCl2', 0.686)]",mass,,Caraballo 2021,Chloride,
NaMgCaCl,sensible_thermal,0.0003103333333333,407.0,650.0,,,4017.8003,,,0.57,,,,,,,,,,,,"[('NaCl', 0.396), ('MgCl2', 0.39), ('CaCl2', 0.214)]",mass,,Caraballo 2021,Chloride,
NaNO3,latent_thermal,,,,306.0,0.04847222222222215,2180.5,,388.9,,,,,,,,,,,,,NaNO3,,NaNO3,"Alva 2018, Steinmann 2022",,
NaOH,latent_thermal,,,,318.0,0.0458333333333333,2100.0,,346.5,,,,,,,,,,,,,NaOH,,NaOH,Alva 2018,,
Nanofibers/mesoporous carbon,ELDC,,,,,,,,,,,,,,,,,,85.5,0.8,,Graphite,,,Choi 2015,,
Nanoporous Ni(OH)2 films,pseudocapacitor,,,,,,,,,,,,,,,,,,106.0,1.6,,Ni(OH)2,,,Choi 2015,,
Nanoporous carbon,ELDC,,,,,,,,,,,,,,,,,,129.0,3.5,,Graphite,,,Choi 2015,,
Nanoporous carbon foams,ELDC,,,,,,,,,,,,,,,,,,252.0,1.1,,Graphite,,,Choi 2015,,
Ni,latent_thermal,,,,1728.0,0.0833333333333333,,,,,,,,,,,,,,,,Ni,,,Alok 2021,,
Ni(OH)2/NiO,thermochemical,,,,,,,,,,,0.1433333333333333,70.0,,,,,,,,,Ni(OH)2,,,Andre 2016,hydroxides,
Ni/Zn,hybrid_flow,,,,,,,,,356.0,1.73,,,,,,,,,,,"[('Zn', 0.5), ('Ni(OH)2', 0.5)]",molar,Nickel (NiOOH),Diez 2020,,
Ni2(CO3)(OH)2 nanosheets,pseudocapacitor,,,,,,,,,,,,,,,,,,895.0,0.4,,(CO3)(OH)2,,,Choi 2015,,
NiCd,solid_electrode,,,,,,,,,66.0,1.2,,,,,,,,,,,"[('Cd(OH)2', 0.5), ('Ni(OH)2', 0.5)]",molar,,Li 2017,NiCd,
NiCo2(OH)6 nanotubes,pseudocapacitor,,,,,,,,,,,,,,,,,,184.5,0.5,,NiCo2(OH)6,,,Choi 2015,,
NiCo2O4 nanosheets,pseudocapacitor,,,,,,,,,,,,,,,,,,1693.0,0.5,,NiCo2O4,,,Choi 2015,,
NiMH,solid_electrode,,,,,,,,,82.8,1.2,,,,,,,,,,,"[('LaNi5', 0.5), ('Ni(OH)2', 0.5)]",molar,,Li 2017,NiMH,
NiO nanoblocks,pseudocapacitor,,,,,,,,,,,,,,,,,,1008.0,0.6,,NiO,,,Choi 2015,,
NiSO4/NiO,thermochemical,,,,,,,,,,,0.3998333333333334,995.0,,,,,,,,,NiSO4,,,Andre 2016,sulfates,
Oxygen-rich nanoporous carbon,ELDC,,,,,,,,,,,,,,,,,,253.5,1.0,,Graphite,,,Choi 2015,,
PANI nanofibers,pseudocapacitor,,,,,,,,,,,,,,,,,,106.0,0.8,,PANI,,,Choi 2015,,
PANI nanotubes,pseudocapacitor,,,,,,,,,,,,,,,,,,686.5,0.5,,PANI,,,Choi 2015,,
PPy nanofibrils,pseudocapacitor,,,,,,,,,,,,,,,,,,280.0,0.7,,PPy,,,Choi 2015,,
PPy-AC/Cu-PBA,solid_electrode,,,,,,,,,835.9,1.2,,,,,,,,,,,"[('PPy-AC', 0.33), ('K4Fe(CN)6', 0.33), ('Cu', 0.33)]",molar,,Li 2017,Na ion (aqueous),
PPy-PANI double-wall,pseudocapacitor,,,,,,,,,,,,,,,,,,529.5,0.6,,"[('PPy', 0.5), ('PANI', 0.5)]",molar,,Choi 2015,,
PPy-clay core-shell nanoarrays,pseudocapacitor,,,,,,,,,,,,,,,,,,2046.0,1.2,,PPy,,,Choi 2015,,
PPy-sepiolite nanocomposites,pseudocapacitor,,,,,,,,,,,,,,,,,,165.0,1.0,,"[('PPy', 0.5), ('sepiolite', 0.5)]",molar,,Choi 2015,,
PSB,flow_battery,,,,,,,,,7.4,1.55,,,,,,,,,,,"[('S',0.5), ('Br2', 0.5)]",molar,,Li 2017,Redox flow,
Pb,sensible_thermal,3.638888888888889e-05,,,,,11340.0,35.25,,,,,,,,,,,,,,Pb,,Lead,Bauer 2012,,
Pb acid,solid_electrode,,,,,,,,,12.4,2.1,,,,,,,,,,,Pb,,,Li 2017,Pb acid,
PbCO3/PbO,thermochemical,,,,,,,,,,,0.0872222222222222,310.0,,,,,,,,,PbCO3,,,Andre 2016,carbonates,
PbO2/PbO,thermochemical,,,,,,,,,,,0.0641388888888888,295.0,,,,,,,,,PbO,,,Andre 2016,oxides,
Polythiophene nanostructures,pseudocapacitor,,,,,,,,,,,,,,,,,,162.5,4.0,,Polythiophene,,,Choi 2015,,
Porous CNTs,ELDC,,,,,,,,,,,,,,,,,,582.0,0.7,,CNT,,,Choi 2015,,
Porous carbon nanowhiskers,ELDC,,,,,,,,,,,,,,,,,,167.5,1.0,,Graphite,,,Choi 2015,,
Porous carbon/CNTs,ELDC,,,,,,,,,,,,,,,,,,181.0,0.9,,"[('Graphite', 0.5), ('CNT', 0.5)]",molar,,Choi 2015,,
PtO2/PtO,thermochemical,,,,,,,,,,,0.0768055555555555,420.0,,,,,,,,,PtO2,,,Andre 2016,oxides,
Pumped Hydro,gravitational,,,,,,,,,,,,,,,,,300.0,,,,Water Reservoir Excavation,,Pumped Hydro,,,
Quartzite,sensible_thermal,0.0002361111111111,,,,,,2.0,,,,,,,,,,,,,,Stone,,Quartzite,Alva 2018,,
RGO/CNT,ELDC,,,,,,,,,,,,,,,,,,216.0,1.0,,"[('Graphene Oxide', 0.5), ('CNT', 0.5)]",molar,,Choi 2015,,
Rh2O3/Rh2O,thermochemical,,,,,,,,,,,0.2728055555555556,970.0,,,,,,,,,Rh2O3,,,Andre 2016,oxides,
S,sensible_thermal,0.0002722222222222,115.0,445.0,,,1700.0,,,,,,,,,,,,,,330.0,S,,Sulfur,Steinmann 2022,,
S-2 Glass Epoxy,virial,,,,,,,,,,,,,743.6026091319618,,,,,,,,GRE,,,Kale 2018,,
"S/Air(Li, Acid)",flow_battery,,,,,,,,,4.6,1.35,,,,,,,,,,,"[('Li', 0.5), ('S', 0.5)]",molar,,Li 2017,Flow-air,
"S/Air(Li, Base)",flow_battery,,,,,,,,,13.2,0.65,,,,,,,,,,,"[('Li', 0.5), ('S', 0.5)]",molar,,Li 2017,Flow-air,
"S/Air(Na, Acid)",flow_battery,,,,,,,,,1.7,1.35,,,,,,,,,,,"[('Na', 0.5), ('S', 0.5)]",molar,,Li 2017,Flow-air,
"S/Air(Na, Base)",flow_battery,,,,,,,,,4.0,0.65,,,,,,,,,,,"[('Na', 0.5), ('S', 0.5)]",molar,,Li 2017,Flow-air,
Sand,sensible_thermal,0.000277,,,,,,,,,,,,,,,,,,,,Sand,,Sand,Diago 2018,,https://doi.org/10.1016/j.apenergy.2018.02.106
Sandstone,sensible_thermal,0.0003798611111111,,800.0,,,2200.0,2.1750000000000003,,,,,,,,,,,,,,"Sandstone, Stone",,Sandstone,"Bauer 2012, Steinmann 2022",,
Sb2O5/SbO2,thermochemical,,,,,,,,,,,0.0584444444444444,325.0,,,,,,,,,Sb2O5,,,Andre 2016,oxides,
Si,latent_thermal,,,,1410.0,0.4972222222222222,,,,,,,,,,,,,,,,Metallurgical Silicon,,,Alok 2021,,
Si-air,metal_air,,,,,,,,,,2.09,,,,,,,,,,,Metallurgical Silicon,,,Weinrich 2019,,
Si/LCO,solid_electrode,,,,,,,,,97.2,4.2,,,,,,,,,,,"[('Polysilicon', 0.5), ('LCO', 0.5)]",molar,,Li 2017,Li ion  (Si anode),
Si/Li2S,solid_electrode,,,,,,,,,12.5,2.6,,,,,,,,,,,"[('Polysilicon', 0.5), ('Li2S', 0.5)]",molar,,Li 2017,Li ion  (Si anode),
Si/Mg (56/44),latent_thermal,,,,946.0,0.2102777777777777,1900.0,,1438.3,,,,,,,,,,,,,"[('Metallurgical Silicon', 0.56), ('Mg', 0.44)]",molar,Si/Mg (56/44),Alva 2018,,
Si/Mg/Ca (49/30/21),latent_thermal,,,,865.0,0.0847222222222222,6880.0,,2098.4,,,,,,,,,,,,,"[('Metallurgical Silicon', 0.49), ('Mg', 0.3), ('Ca', 0.21)]",molar,Si/Mg/Ca (49/30/21),Alva 2018,,
SiO2,sensible_thermal,0.0002027777777777,,1720.0,,,2200.0,1.5,,,,,,,,,,,,,,SiO2,,SiO2,Steinmann 2022,,
Sodium (Na),sensible_thermal,0.0003611111111111,98.0,883.0,,,,64.9,,,,,,,,,,,,,,Na,,Sodium (Na),Alva 2018,,
Sodium(22.2%)epotassium (77.8%) eutectic (NaK),sensible_thermal,0.0002472222222222,-12.6,785.0,,,,26.3,,,,,,,,,,,,,,"[('Na', 0.5), ('K', 0.5)]",molar,Sodium(22.2%)epotassium (77.8%) eutectic (NaK),Alva 2018,,
Solar Salt,sensible_thermal,0.00041140481481476664,233.33333333333334,575.0,,,1964.682,0.55,,2.65,,,,,,,,,,,320.0,Solar Salt,,"Solar Salt, Solar Salt, NaNO3e KNO3 (50-50)","Alva 2018, Caraballo 2021, Steinmann 2022",Nitrate,
Sr(OH)2/SrO,thermochemical,,,,,,,,,,,0.2023055555555555,755.0,,,,,,,,,Sr(OH)2,,,Andre 2016,hydroxides,
SrCO3/SrO,thermochemical,,,,,,,,,,,0.3807361111111111,1220.0,,,,,,,,,SrCO3,,,Andre 2016,carbonates,
Stainless-Steel-15-7,virial,,,,,,,,,,,,,97.1316818774446,,,,,,,,Steel,,,Kale 2018,,
Stainless-Steel-440C,virial,,,,,,,,,,,,,158.44155844155844,,,,,,,,Steel,,,Kale 2018,,
Stainless-Steel-455,virial,,,,,,,,,,,,,191.8814432989691,,,,,,,,Steel,,,Kale 2018,,
Steel-18Ni-300,virial,,,,,,,,,,,,,94.27860696517412,,,,,,,,Steel,,,Kale 2018,,
Steel-4340,virial,,,,,,,,,,,,,59.87261146496816,,,,,,,,Steel,,,Kale 2018,,
Sunflower oil,sensible_thermal,0.0006111111111111,0.0,200.0,,,820.0,,,,,,,,,,,,,,,Sunflower oil,,Sunflower oil,Steinmann 2022,,
Synthetic CH4 (Sabatier),synfuel,,,,,,,,,,,,,,,,15.4,,,,,"[('CO2', 2.75), ('Water', 3.375)]",molar,Synthetic CH4 (Sabatier),Engineering Toolkit HHV,,Based on hypotheticical reversible electrochemical oxidation reaction
Synthetic H2,synfuel,,,,,,,,,,,,,,,,39.4,,,,,"[('Water', 9)]",mass,Synthetic H2,Engineering Toolkit HHV,,Based on hypotheticical reversible electrochemical oxidation reaction
Synthetic H2 (Cavern),synfuel,,,,,,,,,,,,,,,,39.4,,,,,Synthetic H2 (Cavern),,Synthetic H2 (Cavern),Engineering Toolkit HHV,,Based on hypotheticical reversible electrochemical oxidation reaction
Synthetic Methanol (DMS),synfuel,,,,,,,,,,,,,,,,6.39,,,,,"[('CO2', 1.375), ('Water', 1.6875)]",molar,Synthetic Methanol (DMS),Engineering Toolkit HHV,,Based on hypotheticical reversible electrochemical oxidation reaction
Synthetic NH3 (Haber-Bosch),synfuel,,,,,,,,,,,,,,,,6.25,,,,,"[('N2', 0.5), ('Water', 1.5)]",molar,Synthetic NH3 (Haber-Bosch),Engineering Toolkit HHV,,Based on hypotheticical reversible electrochemical oxidation reaction
T300-BSL914C,virial,,,,,,,,,,,,,769.7241821680565,,,,,,,,CFRP,,,Kale 2018,,
T300-PR319,virial,,,,,,,,,,,,,745.1984635083227,,,,,,,,CFRP,,,Kale 2018,,
TEMPO/Zn,hybrid_flow,,,,,,,,,,1.46,,,,,,,,,,,"[('Zn', 0.5), ('TEMPO', 0.5)]",molar,TEMPOL (organic),Diez 2020,,
V,latent_thermal,,,,2183.0,0.125,,,,,,,,,,,,,,,,V,,,Alok 2021,,
V2O5-PPy nanofibers,pseudocapacitor,,,,,,,,,,,,,,,,,,412.0,2.0,,"[('V2O5', 0.5), ('PPy', 0.5)]",molar,,Choi 2015,,
V2O5/V2O4,thermochemical,,,,,,,,,,,0.2696944444444444,1710.0,,,,,,,,,V2O5,,,Andre 2016,oxides,
VRFB,flow_battery,,,,,,,,,124.4,1.55,,,,,,,,,,,V,,,Li 2017,Redox flow,
Vegetable oil,sensible_thermal,0.0006969444444444,,,,,,0.11,,,,,,,,,,,,,,Vegetable Oil,,Vegetable oil,Alva 2018,,
Zn,latent_thermal,,,,419.0,0.0405555555555555,,,,,,,,,,,,,,,,Zn,,,Alok 2021,,
Zn(OH)2/ZnO,thermochemical,,,,,,,,,,,0.1386,55.0,,,,,,,,,Zn(OH)2,,,Andre 2016,hydroxides,
Zn-air,metal_air,,,,,,,,,,1.65,,,,,,,,,,,Zn,,,Weinrich 2019,,
Zn/Al (96/4),latent_thermal,,,,381.0,0.0383333333333333,6630.0,,914.9,,,,,,,,,,,,,"[('Zn', 0.96) , ('Al', 0.04)]",molar,Zn/Al (96/4),Alva 2018,,
Zn/Br2,hybrid_flow,,,,,,,,,8.0,1.85,,,,,,,,,,,"[('Zn', 0.5), ('Br2', 0.5)]",molar,,Li 2017,Zn2+ based,
Zn/Fe,hybrid_flow,,,,,,,,,9.3,1.99,,,,,,,,,,,"[('Zn', 0.5), ('Fe', 0.5)]",molar,,Li 2017,Zn2+ based,
Zn/Mg (52/48),latent_thermal,,,,340.0,0.05,,,,,,,,,,,,,,,,"[('Mg', 0.52), ('Zn', 0.48)]",molar,Zn/Mg (52/48),Alva 2018,,
Zn/Mg (53.7/46.3),latent_thermal,,,,340.0,0.0513888888888888,4600.0,,851.0,,,,,,,,,,,,,"[('Mg', 0.537), ('Zn', 0.463)]",molar,Zn/Mg (53.7/46.3),Alva 2018,,
Zn/MnO2,solid_electrode,,,,,,,,,9.0,1.5,,,,,,,,,,,"[('Zn', 0.5), ('MnO2', 0.5)]",molar,,Li 2017,Zn2+ based,
Zn/NiOOH,solid_electrode,,,,,,,,,44.2,1.74,,,,,,,,,,,"[('Zn', 0.5), ('Ni(OH)2', 0.5)]",molar,,Li 2017,Zn2+ based,
Zn/Zn0.25V2O5,solid_electrode,,,,,,,,,50.7,1.4,,,,,,,,,,,"[('Zn', 0.5), ('V2O5', 0.5)]",molar,,Li 2017,Zn2+ based,
Zn/air,metal_air,,,,,,,,,5.8,1.65,,,,,,,,,,,Zn,,,Li 2017,Zn2+ based,
ZnCO3/ZnO,thermochemical,,,,,,,,,,,0.1513611111111111,120.0,,,,,,,,,ZnCO3,,,Andre 2016,carbonates,
ZnCl2,latent_thermal,,,,280.0,0.0208333333333333,2907.0,0.5,218.0,,,,,,,,,,,,,ZnCl2,,ZnCl2,Alva 2018,,
ZnCo2O4 nanorods/Ni foams,pseudocapacitor,,,,,,,,,,,,,,,,,,1207.5,1.0,,"[('ZnCo2O4', 0.5), ('Ni', 0.5)]",molar,,Choi 2015,,
ZnSO4/ZnO,thermochemical,,,,,,,,,,,0.4911666666666667,1080.0,,,,,,,,,ZnSO4,,,Andre 2016,sulfates,
