search_text,Title,specific_price,min_quantity_kg,index,molecular_formula,link,min_quantity,min_unit
ZnSO4 zinc sulphate,Znso4 Zinc Sulphate Sulphate ZnSO4 Zn 22% Zinc Feed Fertilizer Grade Sulphate Heptahydrate,0.4,1000.0,ZnSO4,ZnSO4,https://www.alibaba.com/product-detail/Znso4-Zinc-Sulphate-Sulphate-ZnSO4-Zn_1600454475279.html?s=p,1000.0,kg
ZnSO4 zinc sulphate,Zinc sulphate heptahydrate ZnSO4 .7H2O Zn 21% feed grade zinc sulfate granular,3.2,1000.0,ZnSO4,ZnSO4,https://www.alibaba.com/product-detail/Zinc-sulphate-heptahydrate-ZnSO4-7H2O-Zn_1600369018536.html,1000.0,kg
CdSO4 cadmium sulphate,High quality CdSO4 for electroplating Cadmium sulfate,10.0,1.0,CdSO4 ,CdSO4 ,https://www.alibaba.com/product-detail/High-quality-CdSO4-for-electroplating-Cadmium_1600261290327.html,1.0,kg
SrCO3 strontium carbonate,High Quality High Purity Industrial grade 1633-05-2 SrCO3 Strontium carbonate,1.1,20000.0,SrCO3,SrCO3,https://www.alibaba.com/product-detail/High-Quality-High-Purity-Industrial-grade_1600308657701.html,20.0,t
Copper Sulfate CuSO4,Cuso4 Copper Sulphate Cuso4 Best Price Industry Grade Cuso4 Blue Crystal 99% 98% 96% Copper Sulphate,0.98,1000.0,CuSO4,CuSO4,https://www.alibaba.com/product-detail/Cuso4-Copper-Sulphate-Cuso4-Best-Price_1600408703700.html?s=p,1.0,t
Copper Sulfate CuSO4,Feed grade Copper sulfate pentahydrate CuSO4 5H2O for fertilizer,0.25,1000.0,CuSO4,CuSO4,https://www.alibaba.com/product-detail/Feed-grade-Copper-sulfate-pentahydrate-CuSO4_1600119940064.html,1.0,t
CdSO4 cadmium sulphate,Electroplating Chemicals Nickel Sulfate Hexahydrate Niso4.6h2o Inorganic Salts Nickel Sulphate,1.0,1.0,CdSO4 ,CdSO4 ,https://www.alibaba.com/product-detail/Electroplating-Chemicals-Nickel-Sulfate-Hexahydrate-Niso4_60768403347.html,1.0,kg
CdSO4 cadmium sulphate,copper sulphate chemical with factory price CuSO4.5H2O,1.48,1000.0,CdSO4 ,CdSO4 ,https://www.alibaba.com/product-detail/copper-sulphate-chemical-with-factory-price_1600110593701.html,1.0,t
CdSO4 cadmium sulphate,Quality Manufacturer Anhydrous Sodium Sulfate,0.06,50000.0,CdSO4 ,CdSO4 ,https://www.alibaba.com/product-detail/Quality-Manufacturer-Anhydrous-Sodium-Sulfate_1600301933364.html,50.0,t
SrCO3 strontium carbonate,Industrial strontium carbonate SrCO3 powder Manufacturer,0.6,1000.0,SrCO3,SrCO3,https://www.alibaba.com/product-detail/Industrial-strontium-carbonate-SrCO3-powder-Manufacturer_60480190423.html,1.0,t
NiSO4 nickel sulphate,Electroplating Chemicals Nickel Sulfate Hexahydrate Niso4 .6h2o Inorganic Salts Nickel Sulphate,1.0,1.0,NiSO4,NiSO4,https://www.alibaba.com/product-detail/Electroplating-Chemicals-Nickel-Sulfate-Hexahydrate-Niso4_60768403347.html,1.0,kg
Iron Sulfate FeSO4,High Purity FeSO4 .7H2O Chemical Formula Iron Sulfate / Ferrous Sulphate Light-green Crystal Price,0.078,25000.0,FeSO4,FeSO4,https://www.alibaba.com/product-detail/High-Purity-FeSO4-7H2O-Chemical-Formula_1600437734265.html?s=p,25.0,t
NiSO4 nickel sulphate,High purity Factory Price Nickel Sulphate Hexahydrate Niso4 .6h2o CAS:10101-97-0 Nickel Sulfate,5.5,1000.0,NiSO4,NiSO4,https://www.alibaba.com/product-detail/High-purity-Factory-Price-Nickel-Sulphate_1600103311459.html,1000.0,kg
NiSO4 nickel sulphate,Cheap 10101970 niso4 6h2o nickel sulfate hexahydrate nickel sulfate sulphate,18.09255,20000.0,NiSO4,NiSO4,https://www.alibaba.com/product-detail/Cheap-10101970-niso4-6h2o-nickel-sulfate_1600454183159.html,20.0,t
NiSO4 nickel sulphate,nickel sulfate 98% NiSO4 . 6H2O,5.5,100.0,NiSO4,NiSO4,https://www.alibaba.com/product-detail/nickel-sulfate-98-NiSO4-6H2O_1947058610.html,100.0,kg
NiSO4 nickel sulphate,Hot Sale Good Price Sulfate De Nickel NiSo4 Nickel Sulfate,4.5,20000.0,NiSO4,NiSO4,https://www.alibaba.com/product-detail/Hot-Sale-Good-Price-Sulfate-De_1600268167218.html,20.0,t
NiSO4 nickel sulphate,sulfate nickel / nickel sulfate niso4 /crude nickel sulfate,3.0,20.0,NiSO4,NiSO4,https://www.alibaba.com/product-detail/sulfate-nickel-nickel-sulfate-niso4-crude_1600455693237.html,20.0,kg
NiSO4 nickel sulphate,Factory price Nickel sulfate with best price,5.0,1.0,NiSO4,NiSO4,https://www.alibaba.com/product-detail/Factory-price-Nickel-sulfate-with-best_1600277933847.html,1.0,kg
Iron Sulfate FeSO4,Cheap price FeSO4 .7H2O Iron II Sulfate heptahydrate /ferrous sulphate / IRON VITRIOL,0.04,27000.0,FeSO4,FeSO4,https://www.alibaba.com/product-detail/Cheap-price-FeSO4-7H2O-Iron-II_62519155580.html,27.0,t
Iron Sulfate FeSO4,Wholesale 86% min purity Dried Iron Sulfate / FeSO4 China Manufacturer,0.08,1000.0,FeSO4,FeSO4,https://www.alibaba.com/product-detail/Wholesale-86-min-purity-Dried-Iron_1600329033822.html,1.0,t
Iron Sulfate FeSO4,Iron Sulphate Monohydrate Ferrous Sulphate Monohydrate FeSO4 .H2O Fe 30% powder,0.19,25000.0,FeSO4,FeSO4,https://www.alibaba.com/product-detail/Iron-Sulphate-Monohydrate-Ferrous-Sulphate-Monohydrate_62551874815.html,25.0,t
Iron Sulfate FeSO4,High Purity Feso4 Chemical Formula Iron Sulfate / Ferrous Sulphate Light-Green Crystal Price,0.16,1000.0,FeSO4,FeSO4,https://www.alibaba.com/product-detail/High-Purity-Feso4-Chemical-Formula-Iron_1600416338804.html,1.0,t
Iron Sulfate FeSO4,ferrous sulphate monohydrate feso4 .h2o with best price and large factory stock,0.075,25000.0,FeSO4,FeSO4,https://www.alibaba.com/product-detail/ferrous-sulphate-monohydrate-feso4-h2o-with_1600156555472.html,25.0,t
MgCO3 magnesium carbonate,High Quality Best Factory price Light Magnesium Carbonate for chalk CAS12125-28-9 MgCO3,10.0,1.0,MgCO3,MgCO3,https://www.alibaba.com/product-detail/High-Quality-Best-Factory-price-Light_1600374718841.html?s=p,1.0,kg
Calcum nitrate Ca(NO3)2,China Supplier High Purity Factory direct sales 99% fertilizer Calcium Nitrate Ca ( NO3 ) 2,0.67,10000.0,Ca(NO3)2,Ca(NO3)2,https://www.alibaba.com/product-detail/China-Supplier-High-Purity-Factory-direct_1600288887078.html,10.0,t
MgCO3 magnesium carbonate,"Light Magnesium Carbonate ( MgCO3 ) ,sport use, dry hands",1.9,1.0,MgCO3,MgCO3,https://www.alibaba.com/product-detail/Light-Magnesium-Carbonate-MgCO3-sport-use_1600095438171.html,1.0,kg
MgCO3 magnesium carbonate,Pure Bulk MgCO3 Magnesium Carbonate for Food Grade 20kg/bag,2.6,500.0,MgCO3,MgCO3,https://www.alibaba.com/product-detail/Pure-Bulk-MgCO3-Magnesium-Carbonate-for_60630661882.html,500.0,kg
MgCO3 magnesium carbonate,light magnesium carbonate mgco3 USP grade,0.97,1000.0,MgCO3,MgCO3,https://www.alibaba.com/product-detail/light-magnesium-carbonate-mgco3-USP-grade_60611422537.html,1.0,t
MgCO3 magnesium carbonate,industrial grade magnesium carbonate mgco3 bulk liquid magnesium carbonate,0.5,1.0,MgCO3,MgCO3,https://www.alibaba.com/product-detail/industrial-grade-magnesium-carbonate-mgco3-bulk_1600428523449.html,1.0,kg
MgCO3 magnesium carbonate,wholesale magnesium carbonate powder with light/heavy type MgCO3 546-93-0,80.0,1.0,MgCO3,MgCO3,https://www.alibaba.com/product-detail/wholesale-magnesium-carbonate-powder-with-light_1600269204938.html,1.0,kg
MgCO3 magnesium carbonate,Light MgCO3 Magnesium Carbonate Industry Grade,1.0,25.0,MgCO3,MgCO3,https://www.alibaba.com/product-detail/Light-MgCO3-Magnesium-Carbonate-Industry-Grade_62172341462.html,25.0,kg
Ca(OH)2 calcium hydrate,Slaked Lime Powder Vietnam Export Min 90% Purity Calcium Hydroxide Low Iron Impurities,0.1,100000.0,Ca(OH)2 ,Ca(OH)2 ,https://www.alibaba.com/product-detail/Slaked-Lime-Powder-Vietnam-Export-Min_10000007037993.html,100.0,t
Ca(OH)2 calcium hydrate,Powder Hydrated Lime Slaked Lime Vietnam High Purity Calcium Hydroxide Low Iron Impurities,0.1,100000.0,Ca(OH)2 ,Ca(OH)2 ,https://www.alibaba.com/product-detail/Powder-Hydrated-Lime-Slaked-Lime-Vietnam_1600468524924.html,100.0,t
Ca(OH)2 calcium hydrate,QUality Tope Quality food grade industrial grade Hydrated Lime Ca ( OH ) 2 Calcium Hydroxide hsca price white powder cas 1305-62-0,0.09,25000.0,Ca(OH)2 ,Ca(OH)2 ,https://www.alibaba.com/product-detail/QUality-Tope-Quality-food-grade-industrial_60649197626.html,25.0,t
Ca(OH)2 calcium hydrate,Hydrated Lime powder / Ca ( OH ) 2 / Calcium Hydroxide/Slaked lime,0.1,25.0,Ca(OH)2 ,Ca(OH)2 ,https://www.alibaba.com/product-detail/Hydrated-Lime-powder-Ca-OH-2_1600088919125.html,25.0,kg
Ca(OH)2 calcium hydrate,Calcium hydrate white powder caustic lime with high quality 85-99% purity industrial grade chemicals,0.1,1000.0,Ca(OH)2 ,Ca(OH)2 ,https://www.alibaba.com/product-detail/Calcium-hydrate-white-powder-caustic-lime_1600458022773.html,1.0,t
Ca(OH)2 calcium hydrate,Ca ( OH ) 2 high purity 92%+ from the premium Quality Limestone Sources Powder Form used in Building Construction,0.1,100000.0,Ca(OH)2 ,Ca(OH)2 ,https://www.alibaba.com/product-detail/Ca-OH-2-high-purity-92_10000006693024.html,100.0,t
BaCO3 barium carbonate,Free Flowing Barium Carbonate BaCO3 CAS No 513-77-9 Barium carbonate,2.5,1.0,BaCO3,BaCO3,https://www.alibaba.com/product-detail/Free-Flowing-Barium-Carbonate-BaCO3-CAS_1600269129121.html?s=p,1.0,kg
BaCO3 barium carbonate,High Quality Hot sale Barium carbonate /cas513-77-9/ BaCO3 for ceramic,0.5,1000.0,BaCO3,BaCO3,https://www.alibaba.com/product-detail/High-Quality-Hot-sale-Barium-carbonate_1600294684173.html,1.0,t
BaCO3 barium carbonate,98.5% barium carbonate BaCO3 CAS NO.513-77-9,0.3,27000.0,BaCO3,BaCO3,https://www.alibaba.com/product-detail/98-5-barium-carbonate-BaCO3-CAS_60774381695.html,27.0,t
BaCO3 barium carbonate,carbonate BaCO3 99.2% 513-77-9 Glass Industrial Barium Carbonate,0.4,10000.0,BaCO3,BaCO3,https://www.alibaba.com/product-detail/carbonate-BaCO3-99-2-513-77_60150054058.html,10.0,t
PbCO3 lead carbonate,High purity 99.0%min Lead Carbonate 598-63-0,1.0,1.0,PbCO3,PbCO3,https://www.alibaba.com/product-detail/High-purity-99-0-min-Lead_60478335472.html,1.0,kg
PbCO3 lead carbonate,99.0%min Lead (II) Carbonate Basic 1319-46-6,1.0,1.0,PbCO3,PbCO3,https://www.alibaba.com/product-detail/99-0-min-Lead-II-Carbonate_60451110617.html,1.0,kg
PbCO3 lead carbonate,Factory Supply high quality Lead carbonate basic/ Lead Hydroxyl Carbonate with best price CAS1319-46-6,1.0,1.0,PbCO3,PbCO3,https://www.alibaba.com/product-detail/Factory-Supply-high-quality-Lead-carbonate_1600456708446.html,1.0,kg
PbCO3 lead carbonate,Nano Precipitated calcium carbonate / Nano Light Calcium Carbonate / Heavy Calcium Carbonate,0.049,5000.0,PbCO3,PbCO3,https://www.alibaba.com/product-detail/Nano-Precipitated-calcium-carbonate-Nano-Light_60347687333.html,5.0,t
PbCO3 lead carbonate,High Whiteness And Fineness Precipitated Calcium Carbonate Powder,0.1,5000.0,PbCO3,PbCO3,https://www.alibaba.com/product-detail/High-Whiteness-And-Fineness-Precipitated-Calcium_1600231021021.html,5.0,t
Mg(OH)2 magnesium hydroxide,magnesium hydroxide mg ( oh ) 2,0.19,50.0,Mg(OH)2,Mg(OH)2,https://www.alibaba.com/product-detail/magnesium-hydroxide-mg-oh-2_1551590164.html,0.05,t
Mg(OH)2 magnesium hydroxide,Magnesium Hydroxide Mg ( oh ) 2,0.4,1000.0,Mg(OH)2,Mg(OH)2,https://www.alibaba.com/product-detail/Magnesium-Hydroxide-Mg-oh-2_60684445752.html,1.0,t
Mg(OH)2 magnesium hydroxide,manufacturers price magnesium hydroxide food grade bulk magnesium hydroxide powder,0.4,1.0,Mg(OH)2,Mg(OH)2,https://www.alibaba.com/product-detail/manufacturers-price-magnesium-hydroxide-food-grade_1600426766010.html,1.0,kg
Mg(OH)2 magnesium hydroxide,Factory supply magnesium hydroxide price,0.3,25.0,Mg(OH)2,Mg(OH)2,https://www.alibaba.com/product-detail/Factory-supply-magnesium-hydroxide-price_60496937350.html,25.0,kg
Mg(OH)2 magnesium hydroxide,food grade magnesium hydroxide powder Mg ( OH ) 2,1.25,1000.0,Mg(OH)2,Mg(OH)2,https://www.alibaba.com/product-detail/food-grade-magnesium-hydroxide-powder-Mg_1600140093325.html,1.0,t
Mg(OH)2 magnesium hydroxide,High Purity AR grade 98% Magnesium hydroxide / Mg ( OH ) 2 CAS 1309-42-8 Magnesium hydroxide,1.0,1.0,Mg(OH)2,Mg(OH)2,https://www.alibaba.com/product-detail/High-Purity-AR-grade-98-Magnesium_1600438311796.html,1.0,kg
Mg(OH)2 magnesium hydroxide,Magnesium Hydroxide Mg ( OH ) 2 YJ- 2,0.9,1000.0,Mg(OH)2,Mg(OH)2,https://www.alibaba.com/product-detail/Magnesium-Hydroxide-Mg-OH-2-YJ_254152716.html,1.0,t
Ba(OH)2 barium,Factory direct sale of white powder barium sulfate for feed medicine,0.1,1000.0,Ba(OH)2,Ba(OH)2,https://www.alibaba.com/product-detail/Factory-direct-sale-of-white-powder_1600170995744.html,1.0,t
Rh2O3 rhodium oxide,China Supplier Rhodium Oxide / Rhodium (III) Oxide With CAS 12036-35-0,11.0,1.0,Rh2O3,Rh2O3,https://www.alibaba.com/product-detail/China-Supplier-Rhodium-Oxide-Rhodium-III_1600055901559.html,1.0,kg
Sr(OH)2,food grade magnesium hydroxide powder Mg( OH ) 2,1.25,1000.0,Sr(OH)2,Sr(OH)2,https://www.alibaba.com/product-detail/food-grade-magnesium-hydroxide-powder-Mg_1600140093325.html,1.0,t
MnO2 manganese oxide,Manganese Oxide Battery Cathode Materials Lithium Nickel Manganese Cobalt Oxide LiNiMnCoO2 NCM NMC 811 Powder,30.0,1.0,MnO2,MnO2,https://www.alibaba.com/product-detail/Manganese-Oxide-Battery-Cathode-Materials-Lithium_1600336676730.html?s=p,1.0,kg
MnO2 manganese oxide,LiNiMnCoO2/Lithium Nickel Manganese Cobalt Oxide /NMC for lithium battery cathode material,59.0,1.0,MnO2,MnO2,https://www.alibaba.com/product-detail/LiNiMnCoO2-Lithium-Nickel-Manganese-Cobalt-Oxide_1600218948900.html?s=p,1.0,kg
MnO2 manganese oxide,Hot selling Mno2 CAS 1313-13-9 Manganese dioxide 80-325mesh as Oxidant and catalyzer for many kinds of indutry,0.15,1.0,MnO2,MnO2,https://www.alibaba.com/product-detail/Hot-selling-Mno2-CAS-1313-13_1600463239159.html,1.0,kg
MnO2 manganese oxide,Hot Selling EMD electrolytic MnO2 manganese dioxide,0.6,1.0,MnO2,MnO2,https://www.alibaba.com/product-detail/Hot-Selling-EMD-electrolytic-MnO2-manganese_62577921837.html,1.0,kg
Li2O,Li2o Li2o Thermal Battery Materials Lithium Oxide Powder Li2O Powder,600.0,1.0,Li2O,Li2O,https://www.alibaba.com/product-detail/Li2o-Li2o-Thermal-Battery-Materials-Lithium_1600290287990.html?s=p,1.0,kg
MnO2 manganese oxide,Supply Nano Manganese dioxide Powder with MnO2 Nanoparticles with factory price,80.0,1.0,MnO2,MnO2,https://www.alibaba.com/product-detail/Supply-Nano-Manganese-dioxide-Powder-with_1600276746970.html,1.0,kg
Li2O,battery materials Lithium oxide Li2O and 99% purity Lithium oxide,269.0,1.0,Li2O,Li2O,https://www.alibaba.com/product-detail/battery-materials-Lithium-oxide-Li2O-and_1600284730280.html?s=p,1.0,kg
Li2O,Li2O Factory Direct 99% High-purity thermal battery material lithium oxide Li2O For Lab Using,100.0,1.0,Li2O,Li2O,https://www.alibaba.com/product-detail/Li2O-Factory-Direct-99-High-purity_1600300913950.html,1.0,kg
Li2O,Li2O reagent Lithium oxide with high purity CAS 12057-24-8,50.0,1.0,Li2O,Li2O,https://www.alibaba.com/product-detail/Li2O-reagent-Lithium-oxide-with-high_1600447731055.html,1.0,kg
Li2O,China Supplier Lithium Oxide Li2O with CAS NO 12057-24-8,15.0,1.0,Li2O,Li2O,https://www.alibaba.com/product-detail/China-Supplier-Lithium-Oxide-Li2O-with_1600087844096.html,1.0,kg
Li2O,Thermal Battery Materials Lithium Oxide Li2O powder,600.0,1.0,Li2O,Li2O,https://www.alibaba.com/product-detail/Thermal-Battery-Materials-Lithium-Oxide-Li2O_1600265901741.html,1.0,kg
Li2O,China Supplier Lithium Oxide Li2O with CAS NO 12057-24-8,280.0,10.0,Li2O,Li2O,https://www.alibaba.com/product-detail/China-Supplier-Lithium-Oxide-Li2O-with_1600272145102.html,10.0,kg
Iron Sulfate FeSO4,High quality factory price Iron II Sulfate heptahydrate / ferrous sulphate /green vitriol,0.04,27000.0,FeSO4,FeSO4,https://www.alibaba.com/product-detail/High-quality-factory-price-Iron-II_62519174736.html,27.0,t
ZnSO4 zinc sulphate,Industrial grade Barium Sulphate (BASO4),0.458,1000.0,ZnSO4,ZnSO4,https://www.alibaba.com/product-detail/Industrial-grade-Barium-Sulphate-BASO4-_60205407369.html,1.0,t
ZnSO4 zinc sulphate,High-Quality Hot-Selling zinc sulphate yap Zinc Sulphate for Fertilizer,0.08,20000.0,ZnSO4,ZnSO4,https://www.alibaba.com/product-detail/High-Quality-Hot-Selling-zinc-sulphate_1600387588883.html,20.0,t
ZnSO4 zinc sulphate,China Good Quality Zinc Sulfate Monohydrate 98% Zinc Sulphate,0.5,25000.0,ZnSO4,ZnSO4,https://www.alibaba.com/product-detail/China-Good-Quality-Zinc-Sulfate-Monohydrate_1600233921976.html,25.0,t
ZnSO4 zinc sulphate,Factory supply high purity Zinc Sulfate Monohydrate with best price CAS:7446-19-7 Zinc Sulfate,1.0,1.0,ZnSO4,ZnSO4,https://www.alibaba.com/product-detail/Factory-supply-high-purity-Zinc-Sulfate_1600408439554.html,1.0,kg
ZnSO4 zinc sulphate,Zinc Sulphate Heptahydrate,0.85,10000.0,ZnSO4,ZnSO4,https://www.alibaba.com/product-detail/Zinc-Sulphate-Heptahydrate_62003528496.html,10.0,t
ZnSO4 zinc sulphate,Best quality zinc sulphate heptahydrate price,0.14,20000.0,ZnSO4,ZnSO4,https://www.alibaba.com/product-detail/Best-quality-zinc-sulphate-heptahydrate-price_60767266567.html,20.0,t
ZnSO4 zinc sulphate,lowest price/ zinc sulphate 35%/monohydrate.H2O/heptahydrate.7H2O,0.55,25000.0,ZnSO4,ZnSO4,https://www.alibaba.com/product-detail/lowest-price-zinc-sulphate-35-monohydrate_1221775886.html,25.0,t
Calcum nitrate Ca(NO3)2,Fertilizer bulk price nitrate potassium making potassium nitrate with fast delivery and free sample kno3 powder,0.5,1000.0,Ca(NO3)2,Ca(NO3)2,https://www.alibaba.com/product-detail/Fertilizer-bulk-price-nitrate-potassium-making_1600126777539.html,1.0,t
NiSO4 nickel sulphate,98% cuso4 equivalent weight of copper sulphate pentahydrate,1.5,1000.0,NiSO4,NiSO4,https://www.alibaba.com/product-detail/98-cuso4-equivalent-weight-of-copper_60666814470.html,1.0,t
NiSO4 nickel sulphate,Sulphate Sulphate Ferrous Sulphate Monohydrate FeSO4 H2O,1.0,1000.0,NiSO4,NiSO4,https://www.alibaba.com/product-detail/Sulphate-Sulphate-Ferrous-Sulphate-Monohydrate-FeSO4_1600124915895.html,1000.0,kg
NiSO4 nickel sulphate,Factory Offer Directly Price 98% CuSO4 Copper Sulphate,1.0,10000.0,NiSO4,NiSO4,https://www.alibaba.com/product-detail/Factory-Offer-Directly-Price-98-CuSO4_1600275005193.html,10.0,t
NiSO4 nickel sulphate,"Nickel Sulphate Sodium Industrial, Electron Grade CAS 7786-81-4",4.0,1000.0,NiSO4,NiSO4,https://www.alibaba.com/product-detail/Nickel-Sulphate-Sodium-Industrial-Electron-Grade_60795932472.html,1000.0,kg
NiSO4 nickel sulphate,Copper Sulfate/ sulphate Pentahydrate crystal feed grade,2.5,10000.0,NiSO4,NiSO4,https://www.alibaba.com/product-detail/Copper-Sulfate-sulphate-Pentahydrate-crystal-feed_1600085719635.html,10000.0,kg
NiSO4 nickel sulphate,Manufacturers selling content is 98% blue nickel plated nickel ammonium sulfate price Ni(NH4)2(SO4)2.6H2O,4.2,100.0,NiSO4,NiSO4,https://www.alibaba.com/product-detail/Manufacturers-selling-content-is-98-blue_1600157188970.html,100.0,kg
Ca(OH)2 calcium hydrate,Strength chemical enterprise wholesale export fast delivery good quality full size calcium carbide (cac2) of size 50mm -80mm,0.95,25000.0,Ca(OH)2 ,Ca(OH)2 ,https://www.alibaba.com/product-detail/Strength-chemical-enterprise-wholesale-export-fast_1600437575558.html,25.0,t
NiSO4 nickel sulphate,Manufacturers Direct Selling Chemical Fertilizer Manganese Sulphate,0.2,25000.0,NiSO4,NiSO4,https://www.alibaba.com/product-detail/Manufacturers-Direct-Selling-Chemical-Fertilizer-Manganese_1600457351401.html,25.0,t
Ca(OH)2 calcium hydrate,Chemical Formula Cac2 Calcium Carbide Price In china,0.95,25000.0,Ca(OH)2 ,Ca(OH)2 ,https://www.alibaba.com/product-detail/Chemical-Formula-Cac2-Calcium-Carbide-Price_1600430863888.html,25.0,t
Ca(OH)2 calcium hydrate,Quality certification export products calcium carbide drum 50kg,0.95,25000.0,Ca(OH)2 ,Ca(OH)2 ,https://www.alibaba.com/product-detail/Quality-certification-export-products-calcium-carbide_1600444242518.html,25.0,t
Ca(OH)2 calcium hydrate,Calcium Copper Titanate CCTO,10.0,1.0,Ca(OH)2 ,Ca(OH)2 ,https://www.alibaba.com/product-detail/Calcium-Copper-Titanate-CCTO_60682595594.html,1.0,kg
Ca(OH)2 calcium hydrate,Size1-25 / 25-50 / 50-80mm calcium carbide Cac2,0.9,22000.0,Ca(OH)2 ,Ca(OH)2 ,https://www.alibaba.com/product-detail/Size1-25-25-50-50-80mm_1600338230886.html,22.0,t
Ca(OH)2 calcium hydrate,China Chemical Formula 15-25mm Calcium Carbide Cac2,0.95,25000.0,Ca(OH)2 ,Ca(OH)2 ,https://www.alibaba.com/product-detail/China-Chemical-Formula-15-25mm-Calcium_1600424794630.html,25.0,t
BaCO3 barium carbonate,Factory Supply 99.2% min BaCO3 Light Barium Carbonate,0.2,1.0,BaCO3,BaCO3,https://www.alibaba.com/product-detail/Factory-Supply-99-2-min-BaCO3_1600134465547.html,1.0,kg
Ca(OH)2 calcium hydrate,Calcium carbide manufacturer size 50-80mm 25-50mm 15-25mm 7-15mm 4-7mm 1-4mm,0.6,20000.0,Ca(OH)2 ,Ca(OH)2 ,https://www.alibaba.com/product-detail/Calcium-carbide-manufacturer-size-50-80mm_62254094812.html,20.0,t
BaCO3 barium carbonate,barium carbonate 99.2% min tech grade powder/ granular cas :513-77-9,0.37,25000.0,BaCO3,BaCO3,https://www.alibaba.com/product-detail/barium-carbonate-99-2-min-tech_60242716318.html,25.0,t
BaCO3 barium carbonate,High Quality Cheap price Barium Carbonate BaCO3 99% for making barium salt,0.36,1000.0,BaCO3,BaCO3,https://www.alibaba.com/product-detail/High-Quality-Cheap-price-Barium-Carbonate_60726382636.html,1.0,t
BaCO3 barium carbonate,99% precipitated Barium Carbonate powder or granular,0.35,20000.0,BaCO3,BaCO3,https://www.alibaba.com/product-detail/99-precipitated-Barium-Carbonate-powder-or_742040392.html,20.0,t
BaCO3 barium carbonate,Guizhou Redstar Barium Carbonate Free Flowing Powder,0.35,20000.0,BaCO3,BaCO3,https://www.alibaba.com/product-detail/Guizhou-Redstar-Barium-Carbonate-Free-Flowing_60487246754.html,20.0,t
BaCO3 barium carbonate,Supply Barium Carbonate 99.9%min ( BaCO3 ) for electronic devices,6.0,10.0,BaCO3,BaCO3,https://www.alibaba.com/product-detail/Supply-Barium-Carbonate-99-9-min_62221047121.html,10.0,kg
BaCO3 barium carbonate,Industrial Grade Barium Carbonate price,0.33,25000.0,BaCO3,BaCO3,https://www.alibaba.com/product-detail/Industrial-Grade-Barium-Carbonate-price_257420527.html,25.0,t
MgCO3 magnesium carbonate,magnesium carbonate mgco3,0.74,1000.0,MgCO3,MgCO3,https://www.alibaba.com/product-detail/magnesium-carbonate-mgco3_62122099449.html,1.0,t
MgCO3 magnesium carbonate,Professional Factory Purity 99.3% Min MgCO3 Light Magnesium Carbonate CAS13717-00-5,0.38,1000.0,MgCO3,MgCO3,https://www.alibaba.com/product-detail/Professional-Factory-Purity-99-3-Min_1600073515019.html,1.0,t
MgCO3 magnesium carbonate,Magnesium carbonate ( MgCO3 ),0.64,1000.0,MgCO3,MgCO3,https://www.alibaba.com/product-detail/Magnesium-carbonate-MgCO3-_1600226091537.html,1.0,t
MgCO3 magnesium carbonate,High Quality light Magnesium Carbonate powder Mgco3,0.25,28000.0,MgCO3,MgCO3,https://www.alibaba.com/product-detail/High-Quality-light-Magnesium-Carbonate-powder_62567769674.html,28.0,t
MgCO3 magnesium carbonate,bulk magnesium carbonate mgco3 light powder for condoms,2.3,500.0,MgCO3,MgCO3,https://www.alibaba.com/product-detail/bulk-magnesium-carbonate-mgco3-light-powder_1600353635396.html,500.0,kg
MgCO3 magnesium carbonate,Huge Demand Cosmetic Grade 546-93-0 Magnesium Carbonate ( MGCO3 ),0.77943,5000.0,MgCO3,MgCO3,https://www.alibaba.com/product-detail/Huge-Demand-Cosmetic-Grade-546-93_10000003069114.html,5.0,t
MgCO3 magnesium carbonate,magnesium chloride na2co3 sodium carbonate for 98.% powder soda ash,0.48,1000.0,MgCO3,MgCO3,https://www.alibaba.com/product-detail/magnesium-chloride-na2co3-sodium-carbonate-for_60745944066.html,1.0,t
Copper Sulfate CuSO4,Anhydrous Copper 2 Sulfate Cuso4 Copper Sulfate Blue For Paint,0.98,1000.0,CuSO4,CuSO4,https://www.alibaba.com/product-detail/Anhydrous-Copper-2-Sulfate-Cuso4-Copper_1600408707403.html,1.0,t
Copper Sulfate CuSO4,Copper Sulphate Sulphate Copper Pentahydrate 98% 99% Industrial Grade CuSO4 5H2O,1.0,1000.0,CuSO4,CuSO4,https://www.alibaba.com/product-detail/Copper-Sulphate-Sulphate-Copper-Pentahydrate-98_1600135694391.html,1000.0,kg
PbCO3 lead carbonate,calcium carbonate for plastic,0.05,50000.0,PbCO3,PbCO3,https://www.alibaba.com/product-detail/calcium-carbonate-for-plastic_50002856065.html,50.0,t
Ni(OH)2 nickel hydroxide,99%min monohydrate / octahydrate CAS 22326-55- 2 / 12230-71-6 Barium Hydroxide,1.35,15000.0,Ni(OH)2,Ni(OH)2,https://www.alibaba.com/product-detail/99-min-monohydrate-octahydrate-CAS-22326_1600057568499.html,15.0,t
Ni(OH)2 nickel hydroxide,62% min purity cobalt hydroxide,23.5,1.0,Ni(OH)2,Ni(OH)2,https://www.alibaba.com/product-detail/62-min-purity-cobalt-hydroxide_62273748080.html,1.0,kg
Ni(OH)2 nickel hydroxide,Aluminum Hydroxide with Factory Price,0.2,1000.0,Ni(OH)2,Ni(OH)2,https://www.alibaba.com/product-detail/Aluminum-Hydroxide-with-Factory-Price_1600077341868.html,1.0,t
Ni(OH)2 nickel hydroxide,MSDS Aluminium Hydroxide - Al( OH )3 Micro Powder,0.4,3000.0,Ni(OH)2,Ni(OH)2,https://www.alibaba.com/product-detail/MSDS-Aluminium-Hydroxide-Al-OH-3_62014541492.html,3.0,t
Ni(OH)2 nickel hydroxide,High quality Zirconium hydroxide powder CAS 14475-63-9 supply in stock,9.0,1.0,Ni(OH)2,Ni(OH)2,https://www.alibaba.com/product-detail/High-quality-Zirconium-hydroxide-powder-CAS_1600441049704.html,1.0,kg
Ni(OH)2 nickel hydroxide,Factory Supply Aluminium Hydroxide ATH Al( OH )3,0.36,1000.0,Ni(OH)2,Ni(OH)2,https://www.alibaba.com/product-detail/Factory-Supply-Aluminium-Hydroxide-ATH-Al_60458578346.html,1.0,t
MgO magnesium oxide,Mgo Magnesium Oxide Mgo Industrial Grade Mgo White Powder 99% Magnesium Oxide For Making Paint,1.0,1.0,MgO,MgO,https://www.alibaba.com/product-detail/Mgo-Magnesium-Oxide-Mgo-Industrial-Grade_1600241271379.html?s=p,1.0,kg
MgO magnesium oxide,Magnesium Oxide Mgo Mgomgo Cas 1309-48-4 High Purity Nano Magnesium Oxide MgO Nanopowder / Nanoparticles,20.0,1.0,MgO,MgO,https://www.alibaba.com/product-detail/Magnesium-Oxide-Mgo-Mgomgo-Cas-1309_1600272234577.html?s=p,1.0,kg
MgO magnesium oxide,Magnesium oxide 85% industrial grade mgo white powder,0.1,25000.0,MgO,MgO,https://www.alibaba.com/product-detail/Magnesium-oxide-85-industrial-grade-mgo_62245337318.html,25.0,t
MgO magnesium oxide,Magnesium Oxide powder Mgo85% 200mesh,0.08,1000.0,MgO,MgO,https://www.alibaba.com/product-detail/Magnesium-Oxide-powder-Mgo85-200mesh_1600082318899.html,1.0,t
MnO2 manganese oxide,Supply Active manganese dioxide MnO2 powder used for battery material,80.0,1.0,MnO2,MnO2,https://www.alibaba.com/product-detail/Supply-Active-manganese-dioxide-MnO2-powder_1600275685834.html,1.0,kg
MnO2 manganese oxide,High Purity 1um Manganese Oxide MnO2 Powder CAS 1313-13-9 Manganese Dioxide,0.005,1000.0,MnO2,MnO2,https://www.alibaba.com/product-detail/High-Purity-1um-Manganese-Oxide-MnO2_1600458862059.html,1.0,t
MnO2 manganese oxide,Battery Cathode Material NMC Powder LiNiMnCoO2 Lithium Nickel Manganese Cobalt Oxide,25.0,1.0,MnO2,MnO2,https://www.alibaba.com/product-detail/Battery-Cathode-Material-NMC-Powder-LiNiMnCoO2_60569231365.html,1.0,kg
MnO2 manganese oxide,Lithium Manganese Oxide LiMn2O4 LMO Powder For Li-ion Battery Raw Materials,17.4,1.0,MnO2,MnO2,https://www.alibaba.com/product-detail/Lithium-Manganese-Oxide-LiMn2O4-LMO-Powder_1600210106593.html,1.0,kg
MnO2 manganese oxide,Battery Cathode Material NMC Powder LiNiMnCoO2 Lithium Nickel Manganese Cobalt Oxide,1400.0,100.0,MnO2,MnO2,https://www.alibaba.com/product-detail/Battery-Cathode-Material-NMC-Powder-LiNiMnCoO2_1600458029128.html,100.0,kg
MnO2 manganese oxide,Battery Cathode Active Material NMC 811 Powder Lithium Manganese Nickel Cobalt Oxide Linimncoo2,60.0,1.0,MnO2,MnO2,https://www.alibaba.com/product-detail/Battery-Cathode-Active-Material-NMC-811_1600455650757.html,1.0,kg
MnO2 manganese oxide,Manganese Dioxide MnO2 Pellet,18.0,1.0,MnO2,MnO2,https://www.alibaba.com/product-detail/Manganese-Dioxide-MnO2-Pellet_60822185464.html,1.0,kg
SrCO3 strontium carbonate,Hot sale manufacturer price strontium carbonate 1633-05-2 SrCO3,3.5,100.0,SrCO3,SrCO3,https://www.alibaba.com/product-detail/Hot-sale-manufacturer-price-strontium-carbonate_60743664668.html,100.0,kg
SrCO3 strontium carbonate,White Powder Strontium Carbonate for Industrial Grade 98% Purity Strontium Carbonate with Better Price,0.5,10000.0,SrCO3,SrCO3,https://www.alibaba.com/product-detail/White-Powder-Strontium-Carbonate-for-Industrial_1600366813771.html,10.0,t
SrCO3 strontium carbonate,White Powder Strontium Carbonate for Industrial Grade 98% Purity Strontium Carbonate with Better Price,0.9,1000.0,SrCO3,SrCO3,https://www.alibaba.com/product-detail/White-Powder-Strontium-Carbonate-for-Industrial_1600154697640.html,1.0,t
SrCO3 strontium carbonate,Factory Price Sell Nano Strontium Carbonate Powder with SrCO3 Nanoparticles and Nanopowder Dispersion,300.0,1.0,SrCO3,SrCO3,https://www.alibaba.com/product-detail/Factory-Price-Sell-Nano-Strontium-Carbonate_62456791693.html,1.0,kg
SrCO3 strontium carbonate,Strontium Carbonate High Purity Strontium Carbonate Powder SrCO3 Manufacturer,1.0,9000.0,SrCO3,SrCO3,https://www.alibaba.com/product-detail/Strontium-Carbonate-High-Purity-Strontium-Carbonate_1600387192348.html,9.0,t
SrCO3 strontium carbonate,Factory Price !! Strontium carbonate in FIC best quality,0.8,10000.0,SrCO3,SrCO3,https://www.alibaba.com/product-detail/Factory-Price-Strontium-carbonate-in-FIC_60726940291.html,10.0,t
SrCO3 strontium carbonate,Industrial Grade Strontium Carbonate 97%min CAS 471-34-1 Good Price,0.8,10000.0,SrCO3,SrCO3,https://www.alibaba.com/product-detail/Industrial-Grade-Strontium-Carbonate-97-min_1600291041724.html,10.0,t
Calcum nitrate Ca(NO3)2,Buy Good Quality barium nitrate CAS NO 10022-31-8 Ba( NO3 ) 2 price granular powder 99.3% 99.5% industrial tech grade manufacturer,0.48,1000.0,Ca(NO3)2,Ca(NO3)2,https://www.alibaba.com/product-detail/Buy-Good-Quality-barium-nitrate-CAS_1600166812270.html,1.0,t
Calcum nitrate Ca(NO3)2,Buy potassium nitrate crystal CAS NO 7757-79-1 compound fertilizer KNO3,0.69,10000.0,Ca(NO3)2,Ca(NO3)2,https://www.alibaba.com/product-detail/Buy-potassium-nitrate-crystal-CAS-NO_1600069892467.html,10.0,t
Calcum nitrate Ca(NO3)2,lead nitrate cas no 10099-74-8 99.0%min,2.25,20000.0,Ca(NO3)2,Ca(NO3)2,https://www.alibaba.com/product-detail/lead-nitrate-cas-no-10099-74_60744231054.html,20.0,t
Calcum nitrate Ca(NO3)2,Low Price China Manufacturer High Purity Best Grade Chemical 3 years shelf life Ba( NO3 ) 2 Barium Nitrate For Fireworks,0.5,18000.0,Ca(NO3)2,Ca(NO3)2,https://www.alibaba.com/product-detail/Low-Price-China-Manufacturer-High-Purity_60670174444.html,18.0,t
Calcum nitrate Ca(NO3)2,98% Aluminium Nitrate 9H2O,0.6,1000.0,Ca(NO3)2,Ca(NO3)2,https://www.alibaba.com/product-detail/98-Aluminium-Nitrate-9H2O_652460388.html,1.0,t
Calcum nitrate Ca(NO3)2,Buy Good Quality barium nitrate CAS NO 10022-31-8 Ba( NO3 ) 2 price granular powder 99.3% 99.5% industrial tech grade supplier,0.95,24000.0,Ca(NO3)2,Ca(NO3)2,https://www.alibaba.com/product-detail/Buy-Good-Quality-barium-nitrate-CAS_1600433758140.html,24.0,t
BaCO3 barium carbonate,Factory Supply 99.9% High Purity Cesium Carbonate cs2co3,2.0,1.0,BaCO3,BaCO3,https://www.alibaba.com/product-detail/Factory-Supply-99-9-High-Purity_1600315458465.html,1.0,kg
BaCO3 barium carbonate,Hot selling top quality Cobalt carbonate Factory direct sale,37.0,1.0,BaCO3,BaCO3,https://www.alibaba.com/product-detail/Hot-selling-top-quality-Cobalt-carbonate_1600215337091.html,1.0,kg
BaCO3 barium carbonate,Cas No.513-77-9 25KG packing popular product barium carbonate granulated powder,0.4,25000.0,BaCO3,BaCO3,https://www.alibaba.com/product-detail/Cas-No-513-77-9-25KG_1600202383165.html,25.0,t
BaCO3 barium carbonate,Barium Carbonate free flowing,0.015,1000.0,BaCO3,BaCO3,https://www.alibaba.com/product-detail/Barium-Carbonate-free-flowing_60655225823.html,1.0,t
BaCO3 barium carbonate,HAIDA factory supply Ferrous carbonate 99% FeCo3 Iron carbonate 38% CAS 563-71-3,0.25,1000.0,BaCO3,BaCO3,https://www.alibaba.com/product-detail/HAIDA-factory-supply-Ferrous-carbonate-99_1600181689183.html,1.0,t
BaCO3 barium carbonate,Factory Supply Hot Selling Cobalt Carbonate CAS 513-79-1,50.0,1.0,BaCO3,BaCO3,https://www.alibaba.com/product-detail/Factory-Supply-Hot-Selling-Cobalt-Carbonate_1600425179015.html,1.0,kg
BaCO3 barium carbonate,Buysway Precipitated CaCO3 >99% Superfine 50~100nm Nano Particles Low Oil Absorption for Plastic Industry Calcium Carbonate,0.5,1.0,BaCO3,BaCO3,https://www.alibaba.com/product-detail/Buysway-Precipitated-CaCO3-99-Superfine-50_1600240468897.html,1.0,kg
Copper Oxide CuO,Superfine copper oxide nanoparticle CuO with factory price,7.0,1.0,CuO,CuO,https://www.alibaba.com/product-detail/Superfine-copper-oxide-nanoparticle-CuO-with_62070422629.html,1.0,kg
Copper Oxide CuO,Superfine copper oxide price nanoparticle CuO with Price Advantage,4.0,1.0,CuO,CuO,https://www.alibaba.com/product-detail/Superfine-copper-oxide-price-nanoparticle-CuO_1600135198571.html,1.0,kg
Copper Oxide CuO,Copper oxide hot sales black copper oxide used in fireworks plating,15.0,20.0,CuO,CuO,https://www.alibaba.com/product-detail/Copper-oxide-hot-sales-black-copper_1600283899932.html,20.0,kg
Copper Oxide CuO,copper oxide price cupric oxide 25kg per bag,20.0,25.0,CuO,CuO,https://www.alibaba.com/product-detail/copper-oxide-price-cupric-oxide-25kg_62044462070.html,25.0,kg
Copper Oxide CuO,Nano copper Oxide 99% 98 % CuO CAS 1317-38-0 Copper (II) oxide,20.0,1000.0,CuO,CuO,https://www.alibaba.com/product-detail/Nano-copper-Oxide-99-98-CuO_62325595583.html,1000.0,kg
Copper Oxide CuO,100nm Red Cuprous Oxide Nanopowder CAS 1317-39-1 Copper Oxide Cu2O,160.0,5.0,CuO,CuO,https://www.alibaba.com/product-detail/100nm-Red-Cuprous-Oxide-Nanopowder-CAS_1600382438720.html,5.0,kg
Copper Oxide CuO,Cupric oxide / Copper Oxide CAS 1317-39-1 with purity 98%,40.0,1000.0,CuO,CuO,https://www.alibaba.com/product-detail/Cupric-oxide-Copper-Oxide-CAS-1317_1600110916579.html,1000.0,kg
ZnSO4 zinc sulphate,Manufacturers Aluminium Sulphate /aluminum Sulfate 16%-17% Powder Al2(so4)3,0.16,500.0,ZnSO4,ZnSO4,https://www.alibaba.com/product-detail/Manufacturers-Aluminium-Sulphate-aluminum-Sulfate-16_1600466972799.html,500.0,kg
ZnSO4 zinc sulphate,zinc sulphate heptahydrate 33 in sulphate,0.4,25000.0,ZnSO4,ZnSO4,https://www.alibaba.com/product-detail/zinc-sulphate-heptahydrate-33-in-sulphate_1600136494212.html,25.0,t
ZnSO4 zinc sulphate,Low Price 33% ZnSO4 Fertilizer Zinc Sulphate Heptahydrate Monohydrate,0.1,25000.0,ZnSO4,ZnSO4,https://www.alibaba.com/product-detail/Low-Price-33-ZnSO4-Fertilizer-Zinc_1600444608721.html,25.0,t
ZnSO4 zinc sulphate,fertilizer zinc sulphate heptahydrate znso47h2o zn 21 feed grade grey white granular preservative for wood,0.14,25000.0,ZnSO4,ZnSO4,https://www.alibaba.com/product-detail/fertilizer-zinc-sulphate-heptahydrate-znso47h2o-zn_1600467028470.html,25.0,t
ZnSO4 zinc sulphate,High quality low price zinc sulfate monohydrate China factory bulk fertilizer ZnSO4 H2O,0.45,1000.0,ZnSO4,ZnSO4,https://www.alibaba.com/product-detail/High-quality-low-price-zinc-sulfate_1600460196226.html,1.0,t
ZnSO4 zinc sulphate,zinc sulfate Zinc And Copper Sulfate Agriculture Fertilizer Znso4 H2o Sulfate De Zinc With Purity 99%,0.55,1000.0,ZnSO4,ZnSO4,https://www.alibaba.com/product-detail/zinc-sulfate-Zinc-And-Copper-Sulfate_1600400398011.html,1.0,t
ZnSO4 zinc sulphate,Zn 22 percent ZnSO4 7H2O Zinc Sulphate Heptahydrate,0.47,1000.0,ZnSO4,ZnSO4,https://www.alibaba.com/product-detail/Zn-22-percent-ZnSO4-7H2O-Zinc_529616644.html,1.0,t
Mg(OH)2 magnesium hydroxide,"High purity Magnesium hydroxide flame retardant, Industrial Grade Mg ( OH ) 2 Nanopowder rubber products",0.58,1000.0,Mg(OH)2,Mg(OH)2,https://www.alibaba.com/product-detail/High-purity-Magnesium-hydroxide-flame-retardant_62532953133.html,1000.0,kg
Mg(OH)2 magnesium hydroxide,Magnesium hydroxide from Indian supplier,1.8,1000.0,Mg(OH)2,Mg(OH)2,https://www.alibaba.com/product-detail/Magnesium-hydroxide-from-Indian-supplier_123056035.html,1000.0,kg
Mg(OH)2 magnesium hydroxide,High Quality fire retardant magnesium hydroxide price and magnesium hydroxide flame retardant price,0.23,1000.0,Mg(OH)2,Mg(OH)2,https://www.alibaba.com/product-detail/High-Quality-fire-retardant-magnesium-hydroxide_60402531351.html,1.0,t
Mg(OH)2 magnesium hydroxide,Magnesium Hydroxide Flame Retardant Mg ( OH ) 2,0.2,5000.0,Mg(OH)2,Mg(OH)2,https://www.alibaba.com/product-detail/Magnesium-Hydroxide-Flame-Retardant-Mg-OH_958633908.html,5.0,t
Mg(OH)2 magnesium hydroxide,Professional Supplier Magnesium Hydroxide Powder 1309-42-8,1.0,1.0,Mg(OH)2,Mg(OH)2,https://www.alibaba.com/product-detail/Professional-Supplier-Magnesium-Hydroxide-Powder-1309_1600303705407.html,1.0,kg
Mg(OH)2 magnesium hydroxide,Industrial grade aluminum hydroxide Artificial Marble raw materials aluminium hydroxyde powder,0.51,5000.0,Mg(OH)2,Mg(OH)2,https://www.alibaba.com/product-detail/Industrial-grade-aluminum-hydroxide-Artificial-Marble_1600265946625.html,5.0,t
NiSO4 nickel sulphate,SODIUM SULPHATE,0.6,20000.0,NiSO4,NiSO4,https://www.alibaba.com/product-detail/SODIUM-SULPHATE_112021269.html,20.0,t
NiSO4 nickel sulphate,99% Cesium Sulphate,110.0,1.0,NiSO4,NiSO4,https://www.alibaba.com/product-detail/99-Cesium-Sulphate_542810074.html,1.0,kg
NiSO4 nickel sulphate,water treatment chemical copper sulphate price,1.2,20000.0,NiSO4,NiSO4,https://www.alibaba.com/product-detail/water-treatment-chemical-copper-sulphate-price_1129942425.html,20.0,t
NiSO4 nickel sulphate,Ferrous Sulphate 98% FeSO4 7H2O,0.03,100000.0,NiSO4,NiSO4,https://www.alibaba.com/product-detail/Ferrous-Sulphate-98-FeSO4-7H2O_62036328032.html,100.0,t
NiSO4 nickel sulphate,copper sulphate pentahydrate electroplating grade 99% min.,3.8,10000.0,NiSO4,NiSO4,https://www.alibaba.com/product-detail/copper-sulphate-pentahydrate-electroplating-grade-99_321217275.html,10.0,t
NiSO4 nickel sulphate,Ferrous Sulphate Monohydrate/Heptahydrate Fertilizer Price 100% Water Soluble Iron Fertilizer,0.17,20000.0,NiSO4,NiSO4,https://www.alibaba.com/product-detail/Ferrous-Sulphate-Monohydrate-Heptahydrate-Fertilizer-Price_60748845448.html,20.0,t
NiSO4 nickel sulphate,Russia high quality industrial grade crystal prices copper sulphate,1.8,25.0,NiSO4,NiSO4,https://www.alibaba.com/product-detail/Russia-high-quality-industrial-grade-crystal_1600150558509.html,25.0,kg
PbCO3 lead carbonate,Precipitated Calcium Carbonate,0.165,1000.0,PbCO3,PbCO3,https://www.alibaba.com/product-detail/Precipitated-Calcium-Carbonate_266099235.html,1.0,t
PbCO3 lead carbonate,precipitated calcium carbonate plant supply pvc plastic fitting use light caco3 calcium carbonate,0.12,20000.0,PbCO3,PbCO3,https://www.alibaba.com/product-detail/precipitated-calcium-carbonate-plant-supply-pvc_1600457766061.html,20.0,t
PbCO3 lead carbonate,Hot Sale Activate Calcium Carbonate CaCO3 Made In China,0.295,5000.0,PbCO3,PbCO3,https://www.alibaba.com/product-detail/Hot-Sale-Activate-Calcium-Carbonate-CaCO3_1600229630746.html,5.0,t
PbCO3 lead carbonate,"Hot-sale good white powder, industrial grade 99.1% CaCO3 content, calcium carbonate for paint",0.14,20.0,PbCO3,PbCO3,https://www.alibaba.com/product-detail/Hot-sale-good-white-powder-industrial_62089855251.html,20.0,kg
PbCO3 lead carbonate,Trusty Inorganic chemical powder Light Coated Precipitated Calcium Carbonate,0.2,1000.0,PbCO3,PbCO3,https://www.alibaba.com/product-detail/Trusty-Inorganic-chemical-powder-Light-Coated_1600126919635.html,1.0,t
PbCO3 lead carbonate,Caco3 light alcium carbonate for building,0.1,5000.0,PbCO3,PbCO3,https://www.alibaba.com/product-detail/Caco3-light-alcium-carbonate-for-building_1600404214106.html,5.0,t
PbCO3 lead carbonate,"Coated caco3 , Environmental friendly calcium carbonate coated made in Vietnam manufacturer at cheap price",0.145,20000.0,PbCO3,PbCO3,https://www.alibaba.com/product-detail/Coated-caco3-Environmental-friendly-calcium-carbonate_10000002529698.html,20.0,t
Ni(OH)2 nickel hydroxide,2021 Good Quality Very Nice White Powder High Purity Fire Retardant Aluminum Hydroxide,0.1,20000.0,Ni(OH)2,Ni(OH)2,https://www.alibaba.com/product-detail/2021-Good-Quality-Very-Nice-White_1600424413194.html,20.0,t
Ni(OH)2 nickel hydroxide,Ba( OH ) 2 .H2O manufacturer,1.0,1.0,Ni(OH)2,Ni(OH)2,https://www.alibaba.com/product-detail/Ba-OH-2-H2O-manufacturer_1497185577.html,1.0,kg
Ni(OH)2 nickel hydroxide,Positive Electrode Nickel Powder High Quality Ni ( OH ) 2 Spherical Nickel Ni Hydroxide Powder,50.0,1.0,Ni(OH)2,Ni(OH)2,https://www.alibaba.com/product-detail/Positive-Electrode-Nickel-Powder-High-Quality_1600389036745.html,1.0,kg
Ni(OH)2 nickel hydroxide,Hot sale Nickel Hydroxide Ni ( OH ) 2 CAS 12054-48-7,10.0,1.0,Ni(OH)2,Ni(OH)2,https://www.alibaba.com/product-detail/Hot-sale-Nickel-Hydroxide-Ni-OH_1600396625006.html,1.0,kg
Ni(OH)2 nickel hydroxide,With Best Price Used in Electroplating CAS 12054-48-7 Nickel Hydroxide Ni ( OH ) 2 for Industry,1.0,1.0,Ni(OH)2,Ni(OH)2,https://www.alibaba.com/product-detail/With-Best-Price-Used-in-Electroplating_1600367496815.html,1.0,kg
Ni(OH)2 nickel hydroxide,Manufacture supply high quality Lithium hydroxide CAS 1310-65- 2 with best price,1.0,1.0,Ni(OH)2,Ni(OH)2,https://www.alibaba.com/product-detail/Manufacture-supply-high-quality-Lithium-hydroxide_1600431839955.html,1.0,kg
MgCO3 magnesium carbonate,Wet Powder MnCO3 Manganese Carbonate for Manganese Nitrate Salt,0.9,1000.0,MgCO3,MgCO3,https://www.alibaba.com/product-detail/Wet-Powder-MnCO3-Manganese-Carbonate-for_1600460673838.html,1000.0,kg
MgCO3 magnesium carbonate,cosmetic grade magnesium and calsium bulk 25kg magnesium carbonate green powder,0.5,1.0,MgCO3,MgCO3,https://www.alibaba.com/product-detail/cosmetic-grade-magnesium-and-calsium-bulk_1600369193766.html,1.0,kg
MgCO3 magnesium carbonate,Thermal insulation material food additive Magnesium carbonate CAS 546-93-0,8.0,25.0,MgCO3,MgCO3,https://www.alibaba.com/product-detail/Thermal-insulation-material-food-additive-Magnesium_1600457514861.html,25.0,kg
MgCO3 magnesium carbonate,Magnesium Carbonate CAS 13717-00-5 Light Magnesium Carbonate Powder,60.0,25.0,MgCO3,MgCO3,https://www.alibaba.com/product-detail/Magnesium-Carbonate-CAS-13717-00-5_1600452057535.html,25.0,kg
MgCO3 magnesium carbonate,Hot Sell Factory Manufactured Barium Carbonate Price 513-77-9,1.0,5.0,MgCO3,MgCO3,https://www.alibaba.com/product-detail/Hot-Sell-Factory-Manufactured-Barium-Carbonate_60248184195.html,5.0,kg
MgCO3 magnesium carbonate,High Purity Magnesium carbonate basic pentahydrate CAS 56378-72-4 Magnesium carbonate basic pentahydrate,1.0,1.0,MgCO3,MgCO3,https://www.alibaba.com/product-detail/High-Purity-Magnesium-carbonate-basic-pentahydrate_1600438345257.html,1.0,kg
Ca(OH)2 calcium hydrate,Fast shipments factory CaC2 calcium carbide producer,1.5,22000.0,Ca(OH)2 ,Ca(OH)2 ,https://www.alibaba.com/product-detail/Fast-shipments-factory-CaC2-calcium-carbide_1600294588076.html,22.0,t
Ca(OH)2 calcium hydrate,Hot sell 50-80 mm 295L CaC2 calcium carbide,1.05,22000.0,Ca(OH)2 ,Ca(OH)2 ,https://www.alibaba.com/product-detail/Hot-sell-50-80-mm-295L_1600295702005.html,22.0,t
Ca(OH)2 calcium hydrate,CaC2 calcium carbide stone UN 1402 to produce acetylene calcium carbide price in India /buy calcium carbide,0.88,23000.0,Ca(OH)2 ,Ca(OH)2 ,https://www.alibaba.com/product-detail/CaC2-calcium-carbide-stone-UN-1402_1600281786238.html,23.0,t
Ca(OH)2 calcium hydrate,Calcium Carbide Cac2 For Acetylene Gas 80-120 70-100 50-80 25-50 15-25mm,0.95,25000.0,Ca(OH)2 ,Ca(OH)2 ,https://www.alibaba.com/product-detail/Calcium-Carbide-Cac2-For-Acetylene-Gas_1600430391923.html,25.0,t
Ca(OH)2 calcium hydrate,Cac2 0-15mm 25~50mm 50~80mm Calcium Carbide Manufacturers Supplier,0.95,25000.0,Ca(OH)2 ,Ca(OH)2 ,https://www.alibaba.com/product-detail/Cac2-0-15mm-25-50mm-50_1600424752869.html,25.0,t
Ca(OH)2 calcium hydrate,Manufacturer Price Calcium Carbide Industrial Grade 50-80mm 50Kg For Sale,0.95,25000.0,Ca(OH)2 ,Ca(OH)2 ,https://www.alibaba.com/product-detail/Manufacturer-Price-Calcium-Carbide-Industrial-Grade_1600424896084.html,25.0,t
Ca(OH)2 calcium hydrate,calcium carbide 5080mm,1.611,23000.0,Ca(OH)2 ,Ca(OH)2 ,https://www.alibaba.com/product-detail/calcium-carbide-5080mm_1600364740153.html,23.0,t
Copper Sulfate CuSO4,Agriculture Grade fungicide anhydrous copper sulfate,1.6,1.0,CuSO4,CuSO4,https://www.alibaba.com/product-detail/Agriculture-Grade-fungicide-anhydrous-copper-sulfate_60795044193.html,1.0,kg
Copper Sulfate CuSO4,Best Price of Industry Grade Cuso4 Blue Crystal Copper Sulphate powder manufacturing plant,2.8,1.0,CuSO4,CuSO4,https://www.alibaba.com/product-detail/Best-Price-of-Industry-Grade-Cuso4_1600359119685.html,1.0,kg
Copper Sulfate CuSO4,Best seller powder 24.5% Min Cu content copper Sulfate,0.8,20000.0,CuSO4,CuSO4,https://www.alibaba.com/product-detail/Best-seller-powder-24-5-Min_11000001896885.html,20.0,t
Copper Sulfate CuSO4,Hot sale blue crystal copper sulphate high purity with ISO certificate,1.5,20000.0,CuSO4,CuSO4,https://www.alibaba.com/product-detail/Hot-sale-blue-crystal-copper-sulphate_1600285590503.html,20.0,t
Copper Sulfate CuSO4,High quality best price 98% High Purity CuSO4 Blue Crystal copper sulphate pentahydrate,1.499,1000.0,CuSO4,CuSO4,https://www.alibaba.com/product-detail/High-quality-best-price-98-High_1600267017713.html,1.0,t
Copper Sulfate CuSO4,Copper Sulfate for animal feed additive,1.7,100000.0,CuSO4,CuSO4,https://www.alibaba.com/product-detail/Copper-Sulfate-for-animal-feed-additive_1600051391292.html,100.0,t
SrCO3 strontium carbonate,analytical grade strontium carbonate powder manufacturers srco3,3.5,100.0,SrCO3,SrCO3,https://www.alibaba.com/product-detail/analytical-grade-strontium-carbonate-powder-manufacturers_60839292961.html,100.0,kg
SrCO3 strontium carbonate,Free Shipping Strontium carbonate cas 1633-05-2 Sample Available,0.7,2000.0,SrCO3,SrCO3,https://www.alibaba.com/product-detail/Free-Shipping-Strontium-carbonate-cas-1633_60415252890.html,2.0,t
SrCO3 strontium carbonate,Strontium carbonate CAS 1633-05-2,15.0,99.0,SrCO3,SrCO3,https://www.alibaba.com/product-detail/Strontium-carbonate-CAS-1633-05-2_1600359999722.html,99.0,kg
SrCO3 strontium carbonate,Hot Sale Manufacturer Price Strontium Carbonate Cas No 1633-05-2 Co3sr,2.35531,1000.0,SrCO3,SrCO3,https://www.alibaba.com/product-detail/Hot-Sale-Manufacturer-Price-Strontium-Carbonate_1600430370918.html,1.0,t
SrCO3 strontium carbonate,Factory Manufactory price Strontium carbonate with CAS No.: 1633-05-2,1.0,1.0,SrCO3,SrCO3,https://www.alibaba.com/product-detail/Factory-Manufactory-price-Strontium-carbonate-with_1600397862094.html,1.0,kg
MnO2 manganese oxide,Supply high purity Feed grade MnOMn 60%-99% Manganese Oxide Mn:46% 1344-43-0,0.1,1.0,MnO2,MnO2,https://www.alibaba.com/product-detail/Supply-high-purity-Feed-grade-MnOMn_1600185238707.html,1.0,kg
MnO2 manganese oxide,"Manganese dioxide powder,for Chemical industry use,catalytic oxidation ,CAS 1313-13-9",0.58,1000.0,MnO2,MnO2,https://www.alibaba.com/product-detail/Manganese-dioxide-powder-for-Chemical-industry_1600425827598.html,1.0,t
MnO2 manganese oxide,MnO2 60% Fe<3% Manganese Powder for Ceramic enamel line,0.505,25000.0,MnO2,MnO2,https://www.alibaba.com/product-detail/MnO2-60-Fe-3-Manganese-Powder_1600426666080.html,25.0,t
MnO2 manganese oxide,High purity Manganese oxide powder price cas 1344-43-0 MnO powder,8.0,1000.0,MnO2,MnO2,https://www.alibaba.com/product-detail/High-purity-Manganese-oxide-powder-price_1600332091014.html,1000.0,kg
MnO2 manganese oxide,MnO2 30% manganes sand / manganese oxide / manganese powder for sale,0.1,10000.0,MnO2,MnO2,https://www.alibaba.com/product-detail/MnO2-30-manganes-sand-manganese-oxide_60661800715.html,10.0,t
MnO2 manganese oxide,cobalt oxide co3o4 powder for ceramics with good price,5.4,1000.0,MnO2,MnO2,https://www.alibaba.com/product-detail/cobalt-oxide-co3o4-powder-for-ceramics_60769918830.html,1000.0,kg
MnO2 manganese oxide,Cobalt Oxide Cobalt Oxide Hot Sale High Purity CoO Powder Price Cobalt Oxide CAS:1307-96-6,4.32,25000.0,MnO2,MnO2,https://www.alibaba.com/product-detail/Cobalt-Oxide-Cobalt-Oxide-Hot-Sale_1600454319376.html,25.0,t
Sr(OH)2,High quality magnesium hydroxide powder Mg( OH ) 2 1309-42-8 price,1.35,500.0,Sr(OH)2,Sr(OH)2,https://www.alibaba.com/product-detail/High-quality-magnesium-hydroxide-powder-Mg_1600139883626.html,500.0,kg
PtO2,Adams catalyst platinum oxide PtO2 / platinic oxide with CAS 1314-15-4,10.0,1.0,PtO2,PtO2,https://www.alibaba.com/product-detail/Adams-catalyst-platinum-oxide-PtO2-platinic_62456436567.html,1.0,kg
PtO2,Factory sell PtO2 as hydrogenation catalyst Platinum dioxide,20.0,1.0,PtO2,PtO2,https://www.alibaba.com/product-detail/Factory-sell-PtO2-as-hydrogenation-catalyst_1600257903960.html,1.0,kg
PbO lead oxide,PbO lead oxide litharge yellow 99.5% purity powder CAS:1317-36-8,1.5,1.0,PbO,PbO,https://www.alibaba.com/product-detail/PbO-lead-oxide-litharge-yellow-99_62093889782.html,1.0,kg
PbO lead oxide,yellow lead oxide litharge PbO,2.4,1000.0,PbO,PbO,https://www.alibaba.com/product-detail/yellow-lead-oxide-litharge-PbO_60428116092.html,1.0,t
PbO lead oxide,"factory supplies high quality bismuth oxide in lead acid battery 99.99% Bismuth Oxide powder,granule ,Electronic ceramics Bi2O3",12.0,1.0,PbO,PbO,https://www.alibaba.com/product-detail/factory-supplies-high-quality-bismuth-oxide_1600283135556.html,1.0,kg
PbO lead oxide,Factory Price High Purity Lead Monoxide Litharge Powder PbO Lead Oxide Cas no 1317-36-8,1.2,1.0,PbO,PbO,https://www.alibaba.com/product-detail/Factory-Price-High-Purity-Lead-Monoxide_62238756099.html,1.0,kg
PbO lead oxide,Yellow lead oxide / litharge/ lead monoxide/ PbO powder price CAS 1317-36-8,1.0,1.0,PbO,PbO,https://www.alibaba.com/product-detail/Yellow-lead-oxide-litharge-lead-monoxide_62092661321.html,1.0,kg
PbO lead oxide,golden and silver free Lead oxide yellow PbO,3.0,1000.0,PbO,PbO,https://www.alibaba.com/product-detail/golden-and-silver-free-Lead-oxide_60728650235.html,1.0,t
Sb2O3 antimony oxide,Sb2o3 Antimony Oxide Sb2o3 Antimony Oxide Price Fire Retardant CAS1309-64-4 High Purity Submicron Sb2O3 Powder Price Antimony Oxide,5.0,1.0,Sb2O3,Sb2O3,https://www.alibaba.com/product-detail/Sb2o3-Antimony-Oxide-Sb2o3-Antimony-Oxide_62386368647.html?s=p,1.0,kg
Sb2O3 antimony oxide,Antimonium Trioxide sb2o3 antimony oxide flame retardant supplier,9.0,1000.0,Sb2O3,Sb2O3,https://www.alibaba.com/product-detail/Antimonium-Trioxide-sb2o3-antimony-oxide-flame_1600294792725.html,1.0,t
Sb2O3 antimony oxide,CAS 1309-64-4 sb2o3 Antimony trioxide,5.5,1000.0,Sb2O3,Sb2O3,https://www.alibaba.com/product-detail/CAS-1309-64-4-sb2o3-Antimony_1600076557502.html,1000.0,kg
Sb2O3 antimony oxide,Cas 1309-64-4 99.5% Sb2o3 Antimony Trioxide With Best Antimony Trioxide Price,7.65,5000.0,Sb2O3,Sb2O3,https://www.alibaba.com/product-detail/Cas-1309-64-4-99-5_1600353012499.html,5.0,t
Sb2O3 antimony oxide,Cas 128221-48-7 Industrial Grade Sno2 & Sb2o3 Antimony Doped Tin Oxide Powder ATO nanopowder / Nanoparticles,100.0,1.0,Sb2O3,Sb2O3,https://www.alibaba.com/product-detail/Cas-128221-48-7-Industrial-Grade_1600432452860.html,1.0,kg
Sb2O3 antimony oxide,Sb2O3 ANTIMONY OXIDE ANTIMONY trioxide with CAS 1309-64-4,2.0,1.0,Sb2O3,Sb2O3,https://www.alibaba.com/product-detail/Sb2O3-ANTIMONY-OXIDE-ANTIMONY-trioxide-with_1600293099731.html,1.0,kg
Copper Oxide CuO,copper oxide exoweld,11.4,500.0,CuO,CuO,https://www.alibaba.com/product-detail/copper-oxide-exoweld_1600259512738.html,500.0,kg
Copper Oxide CuO,High Purity CAS 1317-38-0 Cupric oxide cuo powder / flake / pellet / granule for sale,7.0,1.0,CuO,CuO,https://www.alibaba.com/product-detail/High-Purity-CAS-1317-38-0_62546376208.html,1.0,kg
Copper Oxide CuO,manufacturers price Extra fine high purity 99.2% 3 um nano copper oxide,10.6,9000.0,CuO,CuO,https://www.alibaba.com/product-detail/manufacturers-price-Extra-fine-high-purity_1600335879293.html,9.0,t
Copper Oxide CuO,100nm Red Cuprous Oxide Cu2O Nanopowder CAS 1317-39-1 Industrial Grade Copper Oxide,200.0,1.0,CuO,CuO,https://www.alibaba.com/product-detail/100nm-Red-Cuprous-Oxide-Cu2O-Nanopowder_1600337700823.html,1.0,kg
Copper Oxide CuO,Chinese Hot Sale as Organic Reaction Catalyst Copper Oxide 1317-38-0 for Agriculture,1.0,1.0,CuO,CuO,https://www.alibaba.com/product-detail/Chinese-Hot-Sale-as-Organic-Reaction_1600331377668.html,1.0,kg
Copper Oxide CuO,CAS:1317-39-1 Industrial Grade cupric oxide CuO Cu2O Cuprous oxide copper oxide,7.0,500.0,CuO,CuO,https://www.alibaba.com/product-detail/CAS-1317-39-1-Industrial-Grade_1600220329362.html,500.0,kg
Cr2O3 chromium oxide,Factory Price Sell Nano Chromic Oxide Powder with Cr2O3 and Nanoparticles and Nanopowder Dispersion,300.0,1.0,Cr2O3,Cr2O3,https://www.alibaba.com/product-detail/Factory-Price-Sell-Nano-Chromic-Oxide_62423652622.html?s=p,1.0,kg
Cr2O3 chromium oxide,Pigment Grade Chrome Oxide Green/ Chromium Oxide ( Cr2O3 ),2.0,1.0,Cr2O3,Cr2O3,https://www.alibaba.com/product-detail/Pigment-Grade-Chrome-Oxide-Green-Chromium_60795553680.html,1.0,kg
Cr2O3 chromium oxide,Cr2O3 SiO2 TiO2 Thermal Spraying Mixed Chrome Chromium Oxide Silicon Oxide Titanium Oxide Composite Powder,18.5,5.0,Cr2O3,Cr2O3,https://www.alibaba.com/product-detail/Cr2O3-SiO2-TiO2-Thermal-Spraying-Mixed_1600115387677.html,5.0,kg
Cr2O3 chromium oxide,China Manufacturer Chromium Oxide Green Price Cr2O3,1.0,3000.0,Cr2O3,Cr2O3,https://www.alibaba.com/product-detail/China-Manufacturer-Chromium-Oxide-Green-Price_60775371364.html,3.0,t
Cr2O3 chromium oxide,Chromium (III) oxide Cr2O3 Chromium Oxide spraying ceramic glaze,18.2,25.0,Cr2O3,Cr2O3,https://www.alibaba.com/product-detail/Chromium-III-oxide-Cr2O3-Chromium-Oxide_1600456993701.html,25.0,kg
Cr2O3 chromium oxide,High purity 99.9% Chromium sesquioxide or Chromium oxide powder Cr2O3 with best price,2.0,1.0,Cr2O3,Cr2O3,https://www.alibaba.com/product-detail/High-purity-99-9-Chromium-sesquioxide_1600427471796.html,1.0,kg
barium oxide BaO,Epoch Barium Oxide Powder with BaO and 1304-28-5,10.0,1.0,BaO,BaO,https://www.alibaba.com/product-detail/Epoch-Barium-Oxide-Powder-with-BaO_1600284871578.html,1.0,kg
barium oxide BaO,Lukong Supply 99% Barium Oxide Powder for Sale Barium Oxide,10.0,1.0,BaO,BaO,https://www.alibaba.com/product-detail/Lukong-Supply-99-Barium-Oxide-Powder_1600452959529.html,1.0,kg
barium oxide BaO,BARIUM OXIDE cas 1304-28-5,0.3,1000.0,BaO,BaO,https://www.alibaba.com/product-detail/BARIUM-OXIDE-cas-1304-28-5_1934808032.html,1.0,t
barium oxide BaO,99% Barium Oxide Powder with Good Price,10.0,1.0,BaO,BaO,https://www.alibaba.com/product-detail/99-Barium-Oxide-Powder-with-Good_1600347533901.html,1.0,kg
vanadium oxide V2O5,99.5% Vanadium oxide V2O5 catalyst CAS 1314-62-1 pentoxide price used as alloy additive,5.0,20.0,V2O5,V2O5,https://www.alibaba.com/product-detail/99-5-Vanadium-oxide-V2O5-catalyst_62544211409.html,20.0,kg
vanadium oxide V2O5,Semiconductor Use VO2 100-200nm Vanadium (IV) oxide,1200.0,1.0,V2O5,V2O5,https://www.alibaba.com/product-detail/Semiconductor-Use-VO2-100-200nm-Vanadium_1600228202833.html,1.0,kg
vanadium oxide V2O5,Micron Vanadium pentoxide V2O5 powder price/ Ultrafine V2O5 Powder 99.99% for catalyst 1314-62-1,5.0,1.0,V2O5,V2O5,https://www.alibaba.com/product-detail/Micron-Vanadium-pentoxide-V2O5-powder-price_1600062385966.html,1.0,kg
vanadium oxide V2O5,Factory supply Vanadium oxide 1314-62-1/ vanadium pentoxide V2O5,5.0,20.0,V2O5,V2O5,https://www.alibaba.com/product-detail/Factory-supply-Vanadium-oxide-1314-62_62544189890.html,20.0,kg
vanadium oxide V2O5,HRV V2o5 Vanadium Pentoxide oxide Powder Price,5.0,20.0,V2O5,V2O5,https://www.alibaba.com/product-detail/HRV-V2o5-Vanadium-Pentoxide-oxide-Powder_62546779320.html,20.0,kg
vanadium oxide V2O5,China factory outlet v2o5 vanadium pentoxide alloy additive,5.0,20.0,V2O5,V2O5,https://www.alibaba.com/product-detail/China-factory-outlet-v2o5-vanadium-pentoxide_62543719922.html,20.0,kg
