search_text,Price,min_order,Title,link
ZnSO4 zinc sulphate,,25.0 Metric Tons,Znso4 Zinc Sulphate Sulphate High Quality ZnSO4 Fertilizer Heptahydrate 21% 35% Powder/Granular Zinc Sulphate,https://www.alibaba.com/product-detail/Znso4-Zinc-Sulphate-Sulphate-High-Quality_1600268313730.html?s=p
ZnSO4 zinc sulphate,,20.0 Metric Tons,Zinc Sulphate Sulphate Zinc Sulphate Price Fertilizer Zinc Sulphate Heptahydrate ZnSO4 .7H2O,https://www.alibaba.com/product-detail/Zinc-Sulphate-Sulphate-Zinc-Sulphate-Price_60776063344.html?s=p
ZnSO4 zinc sulphate,$0.40,1000.0 Kilograms,Znso4 Zinc Sulphate Sulphate ZnSO4 Zn 22% Zinc Feed Fertilizer Grade Sulphate Heptahydrate,https://www.alibaba.com/product-detail/Znso4-Zinc-Sulphate-Sulphate-ZnSO4-Zn_1600454475279.html?s=p
ZnSO4 zinc sulphate,,20 Metric Tons,Zinc sulphate heptahydrate ZnSO4 .7H2O Zn 21% CAS 7446-20-0,https://www.alibaba.com/product-detail/Zinc-sulphate-heptahydrate-ZnSO4-7H2O-Zn_62443094999.html?s=p
ZnSO4 zinc sulphate,,20 Tons,Zinc Sulfate Sulphate Zinc Sulphate Good Quality Zinc Sulfate Monohydrate ZnSO4 .H2O,https://www.alibaba.com/product-detail/Zinc-Sulfate-Sulphate-Zinc-Sulphate-Good_60730046760.html?s=p
SrCO3 strontium carbonate,,1.0 Kilograms,High Quality Best Factory price 99.8% 0.5-1.0um SrCO3 Strontium Carbonate Powder CAS 1633-05-2,https://www.alibaba.com/product-detail/High-Quality-Best-Factory-price-99_1600374613892.html?s=p
Copper Sulfate CuSO4,,20 Metric Tons,Micro elements Copper Sulfate CuSO4 for Animal nutrition,https://www.alibaba.com/product-detail/Micro-elements-Copper-Sulfate-CuSO4-for_1600095918470.html?s=p
ZnSO4 zinc sulphate,,1000.0 Kilograms,Zinc sulphate heptahydrate ZnSO4 .7H2O Zn 21% feed grade zinc sulfate granular,https://www.alibaba.com/product-detail/Zinc-sulphate-heptahydrate-ZnSO4-7H2O-Zn_1600080296927.html
ZnSO4 zinc sulphate,$3.20,1000.0 Kilograms,Zinc sulphate heptahydrate ZnSO4 .7H2O Zn 21% feed grade zinc sulfate granular,https://www.alibaba.com/product-detail/Zinc-sulphate-heptahydrate-ZnSO4-7H2O-Zn_1600369018536.html
CdSO4 cadmium sulphate,$10.00,1.0 Kilograms,High quality CdSO4 for electroplating Cadmium sulfate,https://www.alibaba.com/product-detail/High-quality-CdSO4-for-electroplating-Cadmium_1600261290327.html
SrCO3 strontium carbonate,,1.0 Kilograms,High quality Strontium carbonate SrCO3 powder CAS 1633-05-2,https://www.alibaba.com/product-detail/High-quality-Strontium-carbonate-SrCO3-powder_1600142476376.html
SrCO3 strontium carbonate,,20.0 Metric Tons,Strontium Carbonate Factory Supply High Purity 1633-05-2 98% Min SrCO3 Strontium Carbonate,https://www.alibaba.com/product-detail/Strontium-Carbonate-Factory-Supply-High-Purity_1600428715344.html
SrCO3 strontium carbonate,,5.0 Grams,Electronic grade SrCO3 Strontium Carbonate with 99.9% purity cas 1633-05-2,https://www.alibaba.com/product-detail/Electronic-grade-SrCO3-Strontium-Carbonate-with_1600252687555.html
SrCO3 strontium carbonate,"$1,100.00",20.0 Tons,High Quality High Purity Industrial grade 1633-05-2 SrCO3 Strontium carbonate,https://www.alibaba.com/product-detail/High-Quality-High-Purity-Industrial-grade_1600308657701.html
Copper Sulfate CuSO4,,1 Kilogram,Factory Price Sell Supported Nano Copper Sulfate Powder with CuSO4 Basic Nanoparticles and Nanopowder Dispersion,https://www.alibaba.com/product-detail/Factory-Price-Sell-Supported-Nano-Copper_62453940059.html?s=p
Copper Sulfate CuSO4,$980.00,1.0 Tons,Cuso4 Copper Sulphate Cuso4 Best Price Industry Grade Cuso4 Blue Crystal 99% 98% 96% Copper Sulphate,https://www.alibaba.com/product-detail/Cuso4-Copper-Sulphate-Cuso4-Best-Price_1600408703700.html?s=p
Copper Sulfate CuSO4,,25.0 Tons,Industrial Use CuSO4 Copper Sulfate,https://www.alibaba.com/product-detail/Industrial-Use-CuSO4-Copper-Sulfate_649316840.html
Copper Sulfate CuSO4,$250.00,1.0 Metric Tons,Feed grade Copper sulfate pentahydrate CuSO4 5H2O for fertilizer,https://www.alibaba.com/product-detail/Feed-grade-Copper-sulfate-pentahydrate-CuSO4_1600119940064.html
Copper Sulfate CuSO4,,25.0 Tons,copper (ii) sulfate pentahydrate crystal cuso4 price,https://www.alibaba.com/product-detail/copper-ii-sulfate-pentahydrate-crystal-cuso4_62413997492.html
Copper Sulfate CuSO4,,1.0 Tons,Bulk Copper Sulfate Sulphate Salt Cu2So4 Powder Monohydrate Food Grade Anhydrous Copper Sulfate,https://www.alibaba.com/product-detail/Bulk-Copper-Sulfate-Sulphate-Salt-Cu2So4_1600390479545.html
CdSO4 cadmium sulphate,,1.0 Kilograms,99% Cadmium Sulfate Acid / Cadmium sulfate CAS 10124-36-4 industrial / Electron Grade,https://www.alibaba.com/product-detail/99-Cadmium-Sulfate-Acid-Cadmium-sulfate_1600327656489.html
CdSO4 cadmium sulphate,,1.0 Kilograms,Factory Supply High Quality Cadmium Sulfate CAS No. 10124-36-4 With Best Price,https://www.alibaba.com/product-detail/Factory-Supply-High-Quality-Cadmium-Sulfate_1600315444648.html
CdSO4 cadmium sulphate,,1.0 Kilograms,High Quality Cadmium Sulfate CAS 10124-36-4,https://www.alibaba.com/product-detail/High-Quality-Cadmium-Sulfate-CAS-10124_1600310114919.html
CdSO4 cadmium sulphate,$1.00,1 Kilogram,Electroplating Chemicals Nickel Sulfate Hexahydrate Niso4.6h2o Inorganic Salts Nickel Sulphate,https://www.alibaba.com/product-detail/Electroplating-Chemicals-Nickel-Sulfate-Hexahydrate-Niso4_60768403347.html
CdSO4 cadmium sulphate,"$1,480.00",1.0 Tons,copper sulphate chemical with factory price CuSO4.5H2O,https://www.alibaba.com/product-detail/copper-sulphate-chemical-with-factory-price_1600110593701.html
CdSO4 cadmium sulphate,$60.00,50.0 Metric Tons,Quality Manufacturer Anhydrous Sodium Sulfate,https://www.alibaba.com/product-detail/Quality-Manufacturer-Anhydrous-Sodium-Sulfate_1600301933364.html
SrCO3 strontium carbonate,,100.0 Kilograms,High purity 99%min Strontium carbonate SrCO3 For Electronic Components,https://www.alibaba.com/product-detail/High-purity-99-min-Strontium-carbonate_1600141414357.html
SrCO3 strontium carbonate,$600.00,1.0 Tons,Industrial strontium carbonate SrCO3 powder Manufacturer,https://www.alibaba.com/product-detail/Industrial-strontium-carbonate-SrCO3-powder-Manufacturer_60480190423.html
NiSO4 nickel sulphate,$1.00,1 Kilogram,Electroplating Chemicals Nickel Sulfate Hexahydrate Niso4 .6h2o Inorganic Salts Nickel Sulphate,https://www.alibaba.com/product-detail/Electroplating-Chemicals-Nickel-Sulfate-Hexahydrate-Niso4_60768403347.html
Iron Sulfate FeSO4,$78.00,25.0 Tons,High Purity FeSO4 .7H2O Chemical Formula Iron Sulfate / Ferrous Sulphate Light-green Crystal Price,https://www.alibaba.com/product-detail/High-Purity-FeSO4-7H2O-Chemical-Formula_1600437734265.html?s=p
NiSO4 nickel sulphate,$5.50,1000.0 Kilograms,High purity Factory Price Nickel Sulphate Hexahydrate Niso4 .6h2o CAS:10101-97-0 Nickel Sulfate,https://www.alibaba.com/product-detail/High-purity-Factory-Price-Nickel-Sulphate_1600103311459.html
NiSO4 nickel sulphate,"$18,092.55",20.0 Metric Tons,Cheap 10101970 niso4 6h2o nickel sulfate hexahydrate nickel sulfate sulphate,https://www.alibaba.com/product-detail/Cheap-10101970-niso4-6h2o-nickel-sulfate_1600454183159.html
NiSO4 nickel sulphate,$5.50,100 Kilograms,nickel sulfate 98% NiSO4 . 6H2O,https://www.alibaba.com/product-detail/nickel-sulfate-98-NiSO4-6H2O_1947058610.html
NiSO4 nickel sulphate,"$4,500.00",20.0 Tons,Hot Sale Good Price Sulfate De Nickel NiSo4 Nickel Sulfate,https://www.alibaba.com/product-detail/Hot-Sale-Good-Price-Sulfate-De_1600268167218.html
NiSO4 nickel sulphate,$3.00,20.0 Kilograms,sulfate nickel / nickel sulfate niso4 /crude nickel sulfate,https://www.alibaba.com/product-detail/sulfate-nickel-nickel-sulfate-niso4-crude_1600455693237.html
NiSO4 nickel sulphate,$5.00,1.0 Kilograms,Factory price Nickel sulfate with best price,https://www.alibaba.com/product-detail/Factory-price-Nickel-sulfate-with-best_1600277933847.html
Iron Sulfate FeSO4,,1.0 Tons,Iron Sulfate Feso4 Factory Price High Quality 86% Min Purity Dried Iron Sulfate Feso4 Powder,https://www.alibaba.com/product-detail/Iron-Sulfate-Feso4-Factory-Price-High_1600416333703.html?s=p
Iron Sulfate FeSO4,$40.00,27 Tons,Cheap price FeSO4 .7H2O Iron II Sulfate heptahydrate /ferrous sulphate / IRON VITRIOL,https://www.alibaba.com/product-detail/Cheap-price-FeSO4-7H2O-Iron-II_62519155580.html
Iron Sulfate FeSO4,$80.00,1.0 Metric Tons,Wholesale 86% min purity Dried Iron Sulfate / FeSO4 China Manufacturer,https://www.alibaba.com/product-detail/Wholesale-86-min-purity-Dried-Iron_1600329033822.html
Iron Sulfate FeSO4,$190.00,25 Metric Tons,Iron Sulphate Monohydrate Ferrous Sulphate Monohydrate FeSO4 .H2O Fe 30% powder,https://www.alibaba.com/product-detail/Iron-Sulphate-Monohydrate-Ferrous-Sulphate-Monohydrate_62551874815.html
Iron Sulfate FeSO4,$160.00,1.0 Tons,High Purity Feso4 Chemical Formula Iron Sulfate / Ferrous Sulphate Light-Green Crystal Price,https://www.alibaba.com/product-detail/High-Purity-Feso4-Chemical-Formula-Iron_1600416338804.html
Iron Sulfate FeSO4,$75.00,25.0 Tons,ferrous sulphate monohydrate feso4 .h2o with best price and large factory stock,https://www.alibaba.com/product-detail/ferrous-sulphate-monohydrate-feso4-h2o-with_1600156555472.html
Calcum nitrate Ca(NO3)2,,1.0 Tons,99% Ca ( NO3 ) 2 water soluble fertilizer Calcium Nitrate with a high quality,https://www.alibaba.com/product-detail/99-Ca-NO3-2-water-soluble_1600138781616.html
Calcum nitrate Ca(NO3)2,,10 Tons,China Supplier High Purity Ca ( NO3 ) 2 Calcium Ammonium Nitrate Boron fertilizer,https://www.alibaba.com/product-detail/China-Supplier-High-Purity-Ca-NO3_1600288863117.html
Calcum nitrate Ca(NO3)2,,1000.0 Kilograms,99% Calcium Nitrate crystal fertilizer Ca ( NO3 ) 2 .4H2O,https://www.alibaba.com/product-detail/99-Calcium-Nitrate-crystal-fertilizer-Ca_1600435972573.html
Calcum nitrate Ca(NO3)2,,1.0 Metric Tons,fertilizer & industry calcium nitrate price,https://www.alibaba.com/product-detail/fertilizer-industry-calcium-nitrate-price_60630124861.html
Calcum nitrate Ca(NO3)2,,15 Metric Tons,Ca ( NO3 ) 2 76% Calcium Ammonium Nitrate Boron fertilizer,https://www.alibaba.com/product-detail/Ca-NO3-2-76-Calcium-Ammonium_1630343952.html
Calcum nitrate Ca(NO3)2,,10 Tons,China Supplier High Purity Industrial Grade Calcium Nitrate Ca ( NO3 ) 2,https://www.alibaba.com/product-detail/China-Supplier-High-Purity-Industrial-Grade_1600288727994.html
MgCO3 magnesium carbonate,$10.00,1.0 Kilograms,High Quality Best Factory price Light Magnesium Carbonate for chalk CAS12125-28-9 MgCO3,https://www.alibaba.com/product-detail/High-Quality-Best-Factory-price-Light_1600374718841.html?s=p
Calcum nitrate Ca(NO3)2,$670.00,10 Tons,China Supplier High Purity Factory direct sales 99% fertilizer Calcium Nitrate Ca ( NO3 ) 2,https://www.alibaba.com/product-detail/China-Supplier-High-Purity-Factory-direct_1600288887078.html
MgCO3 magnesium carbonate,$1.90,1 Kilogram,"Light Magnesium Carbonate ( MgCO3 ) ,sport use, dry hands",https://www.alibaba.com/product-detail/Light-Magnesium-Carbonate-MgCO3-sport-use_1600095438171.html
MgCO3 magnesium carbonate,$2.60,500 Kilograms,Pure Bulk MgCO3 Magnesium Carbonate for Food Grade 20kg/bag,https://www.alibaba.com/product-detail/Pure-Bulk-MgCO3-Magnesium-Carbonate-for_60630661882.html
MgCO3 magnesium carbonate,$970.00,1 Metric Ton,light magnesium carbonate mgco3 USP grade,https://www.alibaba.com/product-detail/light-magnesium-carbonate-mgco3-USP-grade_60611422537.html
MgCO3 magnesium carbonate,$0.50,1.0 Kilograms,industrial grade magnesium carbonate mgco3 bulk liquid magnesium carbonate,https://www.alibaba.com/product-detail/industrial-grade-magnesium-carbonate-mgco3-bulk_1600428523449.html
MgCO3 magnesium carbonate,$80.00,1 Kilogram,wholesale magnesium carbonate powder with light/heavy type MgCO3 546-93-0,https://www.alibaba.com/product-detail/wholesale-magnesium-carbonate-powder-with-light_1600269204938.html
MgCO3 magnesium carbonate,$1.00,25 Kilograms,Light MgCO3 Magnesium Carbonate Industry Grade,https://www.alibaba.com/product-detail/Light-MgCO3-Magnesium-Carbonate-Industry-Grade_62172341462.html
Ca(OH)2 calcium hydrate,$100.00,100 Metric Tons,Slaked Lime Powder Vietnam Export Min 90% Purity Calcium Hydroxide Low Iron Impurities,https://www.alibaba.com/product-detail/Slaked-Lime-Powder-Vietnam-Export-Min_10000007037993.html
Ca(OH)2 calcium hydrate,$100.00,100 Metric Tons,Powder Hydrated Lime Slaked Lime Vietnam High Purity Calcium Hydroxide Low Iron Impurities,https://www.alibaba.com/product-detail/Powder-Hydrated-Lime-Slaked-Lime-Vietnam_1600468524924.html
Ca(OH)2 calcium hydrate,$90.00,25.0 Tons,QUality Tope Quality food grade industrial grade Hydrated Lime Ca ( OH ) 2 Calcium Hydroxide hsca price white powder cas 1305-62-0,https://www.alibaba.com/product-detail/QUality-Tope-Quality-food-grade-industrial_60649197626.html
Ca(OH)2 calcium hydrate,$0.10,25.0 Kilograms,Hydrated Lime powder / Ca ( OH ) 2 / Calcium Hydroxide/Slaked lime,https://www.alibaba.com/product-detail/Hydrated-Lime-powder-Ca-OH-2_1600088919125.html
Ca(OH)2 calcium hydrate,"$87,500.00",1 Set,Calcium Hydroxide Production Lime Machine to produce Ca ( OH ) 2 powder up to 600 mesh,https://www.alibaba.com/product-detail/Calcium-Hydroxide-Production-Lime-Machine-to_1600321486819.html
Ca(OH)2 calcium hydrate,$100.00,1.0 Metric Tons,Calcium hydrate white powder caustic lime with high quality 85-99% purity industrial grade chemicals,https://www.alibaba.com/product-detail/Calcium-hydrate-white-powder-caustic-lime_1600458022773.html
Ca(OH)2 calcium hydrate,$100.00,100 Metric Tons,Ca ( OH ) 2 high purity 92%+ from the premium Quality Limestone Sources Powder Form used in Building Construction,https://www.alibaba.com/product-detail/Ca-OH-2-high-purity-92_10000006693024.html
BaCO3 barium carbonate,,1.0 Kilograms,Baco3 Barium Carbonate Carbonatebaco3 Barium Carbonate Heavy Baco3 Powder Barium Carbonate Heavy,https://www.alibaba.com/product-detail/Baco3-Barium-Carbonate-Carbonatebaco3-Barium-Carbonate_1354234344.html?s=p
BaCO3 barium carbonate,$2.50,1.0 Kilograms,Free Flowing Barium Carbonate BaCO3 CAS No 513-77-9 Barium carbonate,https://www.alibaba.com/product-detail/Free-Flowing-Barium-Carbonate-BaCO3-CAS_1600269129121.html?s=p
BaCO3 barium carbonate,$500.00,1.0 Metric Tons,High Quality Hot sale Barium carbonate /cas513-77-9/ BaCO3 for ceramic,https://www.alibaba.com/product-detail/High-Quality-Hot-sale-Barium-carbonate_1600294684173.html
BaCO3 barium carbonate,,1.0 Kilograms,Industry Barium carbonate BaCO3 CAS NO.513-77-9 with factory price,https://www.alibaba.com/product-detail/Industry-Barium-carbonate-BaCO3-CAS-NO_60615121496.html
BaCO3 barium carbonate,,25 Tons,Free Flowing Barium Carbonate BaCO3 CAS No 513-77-9 99.2%min,https://www.alibaba.com/product-detail/Free-Flowing-Barium-Carbonate-BaCO3-CAS_62134879658.html
BaCO3 barium carbonate,$300.00,27 Metric Tons,98.5% barium carbonate BaCO3 CAS NO.513-77-9,https://www.alibaba.com/product-detail/98-5-barium-carbonate-BaCO3-CAS_60774381695.html
BaCO3 barium carbonate,$400.00,10.0 Metric Tons,carbonate BaCO3 99.2% 513-77-9 Glass Industrial Barium Carbonate,https://www.alibaba.com/product-detail/carbonate-BaCO3-99-2-513-77_60150054058.html
PbCO3 lead carbonate,$1.00,1 Kilogram,High purity 99.0%min Lead Carbonate 598-63-0,https://www.alibaba.com/product-detail/High-purity-99-0-min-Lead_60478335472.html
PbCO3 lead carbonate,"$8,500.00",1 Tonne,Hot Sell Inorganic Salt Lead Carbonate Price1319-46-6,https://www.alibaba.com/product-detail/Hot-Sell-Inorganic-Salt-Lead-Carbonate_60261274593.html
PbCO3 lead carbonate,$1.00,1 Kilogram,99.0%min Lead (II) Carbonate Basic 1319-46-6,https://www.alibaba.com/product-detail/99-0-min-Lead-II-Carbonate_60451110617.html
PbCO3 lead carbonate,$1.00,1.0 Kilograms,Factory Supply high quality Lead carbonate basic/ Lead Hydroxyl Carbonate with best price CAS1319-46-6,https://www.alibaba.com/product-detail/Factory-Supply-high-quality-Lead-carbonate_1600456708446.html
PbCO3 lead carbonate,$68.00,4 Twenty-Foot Container,quality granulated calcium carbonate CaCO3 powder from Vietnam leading supplier,https://www.alibaba.com/product-detail/quality-granulated-calcium-carbonate-CaCO3-powder_50046919276.html
PbCO3 lead carbonate,$49.00,5 Metric Tons,Nano Precipitated calcium carbonate / Nano Light Calcium Carbonate / Heavy Calcium Carbonate,https://www.alibaba.com/product-detail/Nano-Precipitated-calcium-carbonate-Nano-Light_60347687333.html
PbCO3 lead carbonate,$100.00,5.0 Metric Tons,High Whiteness And Fineness Precipitated Calcium Carbonate Powder,https://www.alibaba.com/product-detail/High-Whiteness-And-Fineness-Precipitated-Calcium_1600231021021.html
Mg(OH)2 magnesium hydroxide,$190.00,0.05 Tons,magnesium hydroxide mg ( oh ) 2,https://www.alibaba.com/product-detail/magnesium-hydroxide-mg-oh-2_1551590164.html
Mg(OH)2 magnesium hydroxide,$400.00,1 Metric Ton,Magnesium Hydroxide Mg ( oh ) 2,https://www.alibaba.com/product-detail/Magnesium-Hydroxide-Mg-oh-2_60684445752.html
Mg(OH)2 magnesium hydroxide,$0.40,1.0 Kilograms,manufacturers price magnesium hydroxide food grade bulk magnesium hydroxide powder,https://www.alibaba.com/product-detail/manufacturers-price-magnesium-hydroxide-food-grade_1600426766010.html
Mg(OH)2 magnesium hydroxide,$0.30,25.0 Kilograms,Factory supply magnesium hydroxide price,https://www.alibaba.com/product-detail/Factory-supply-magnesium-hydroxide-price_60496937350.html
Mg(OH)2 magnesium hydroxide,"$1,250.00",1.0 Tons,food grade magnesium hydroxide powder Mg ( OH ) 2,https://www.alibaba.com/product-detail/food-grade-magnesium-hydroxide-powder-Mg_1600140093325.html
Mg(OH)2 magnesium hydroxide,$1.00,1.0 Kilograms,High Purity AR grade 98% Magnesium hydroxide / Mg ( OH ) 2 CAS 1309-42-8 Magnesium hydroxide,https://www.alibaba.com/product-detail/High-Purity-AR-grade-98-Magnesium_1600438311796.html
Mg(OH)2 magnesium hydroxide,$900.00,1 Ton,Magnesium Hydroxide Mg ( OH ) 2 YJ- 2,https://www.alibaba.com/product-detail/Magnesium-Hydroxide-Mg-OH-2-YJ_254152716.html
Ni(OH)2 nickel hydroxide,,1 Kilogram,Factory Price Sell Nano Nickel Hydroxide Powder with Ni OH 2 Nanoparticles and Nanopowder Dispersion,https://www.alibaba.com/product-detail/Factory-Price-Sell-Nano-Nickel-Hydroxide_62428824586.html?s=p
Ni(OH)2 nickel hydroxide,,1.0 Kilograms,CAS 12054-48-7 Ni ( OH ) 2 Nickel Hydroxide,https://www.alibaba.com/product-detail/CAS-12054-48-7-Ni-OH_1600272071082.html
Ni(OH)2 nickel hydroxide,,500.0 Kilograms,Hot sale high purity Nickel Hydroxide Ni ( OH ) 2 with best price CAS:12054-48-7,https://www.alibaba.com/product-detail/Hot-sale-high-purity-Nickel-Hydroxide_60502080655.html
Ni(OH)2 nickel hydroxide,,1 Kilogram,High Quality Nano Cas 12054-48-7 Ni ( oh ) 2 Powder Nickel Hydroxide,https://www.alibaba.com/product-detail/High-Quality-Nano-Cas-12054-48_62278553106.html
Ni(OH)2 nickel hydroxide,,22.0 Metric Tons,Most popular Nickel Cobalt Aluminum Hydroxide NCA CAS/aluminum hydroxide,https://www.alibaba.com/product-detail/Most-popular-Nickel-Cobalt-Aluminum-Hydroxide_1600329633880.html
Ni(OH)2 nickel hydroxide,,1 Kilogram,CAS 12054-48-7 nickle hydroxide price,https://www.alibaba.com/product-detail/CAS-12054-48-7-nickle-hydroxide_60843980830.html
Ba(OH)2 barium,,1 Kilogram,Ba ( OH ) 2 .H2O manufacturer,https://www.alibaba.com/product-detail/Ba-OH-2-H2O-manufacturer_1497185577.html
Ni(OH)2 nickel hydroxide,,1000.0 Kilograms,Cadmium hydroxide Cd( OH ) 2 CAS 21041-95- 2,https://www.alibaba.com/product-detail/Cadmium-hydroxide-Cd-OH-2-CAS_573991118.html
Ba(OH)2 barium,,1 Ton,BaSO4/ barium sulphate Precipitated Barium sulfate Price for 1 kg,https://www.alibaba.com/product-detail/BaSO4-barium-sulphate-Precipitated-Barium-sulfate_62496309999.html
Ba(OH)2 barium,,1.0 Kilograms,Barium Sulfate 98.00% factory price/ barium sulphate for x-ray,https://www.alibaba.com/product-detail/Barium-Sulfate-98-00-factory-price_1382834558.html
Ba(OH)2 barium,$100.00,1.0 Tons,Factory direct sale of white powder barium sulfate for feed medicine,https://www.alibaba.com/product-detail/Factory-direct-sale-of-white-powder_1600170995744.html
Ba(OH)2 barium,,1.0 Tons,Proper price top quality high fineness barium sulphate superfine precipitated barium sulphate,https://www.alibaba.com/product-detail/Proper-price-top-quality-high-fineness_1600190924630.html
Rh2O3 rhodium oxide,,500 Kilograms,Best sell gallium oxide powder form metallurgy/Ga2O3,https://www.alibaba.com/product-detail/Best-sell-gallium-oxide-powder-form_60334590622.html
Ba(OH)2 barium,,1.0 Tons,Wholesale best selling modified superfine precipitated barium sulfate powder with high quality,https://www.alibaba.com/product-detail/Wholesale-best-selling-modified-superfine-precipitated_1600257152927.html
Ba(OH)2 barium,,10.0 Tons,2021 Wholesale High Quality Custom White Powder Precipitated Paint Barium Sulfat With Cheap Price,https://www.alibaba.com/product-detail/2021-Wholesale-High-Quality-Custom-White_1600342377646.html
Rh2O3 rhodium oxide,,5.0 Grams,Rhodium (III) Oxide anhydrous Rh2O3 (80% Rh) CAS 12036-35-0,https://www.alibaba.com/product-detail/Rhodium-III-Oxide-anhydrous-Rh2O3-80_1600157302035.html
Rh2O3 rhodium oxide,$11.00,1.0 Kilograms,China Supplier Rhodium Oxide / Rhodium (III) Oxide With CAS 12036-35-0,https://www.alibaba.com/product-detail/China-Supplier-Rhodium-Oxide-Rhodium-III_1600055901559.html
Rh2O3 rhodium oxide,,5.0 Grams,Rh 81% Rhodium oxide /Dirhodium trioxide cas 12036-35-0,https://www.alibaba.com/product-detail/Rh-81-Rhodium-oxide-Dirhodium-trioxide_1600311607208.html
Rh2O3 rhodium oxide,,1.0 Kilograms,Rhodium (III) Oxide /Dirhodium Trioxide/ Rhodium Oxide for Sale,https://www.alibaba.com/product-detail/Rhodium-III-Oxide-Dirhodium-Trioxide-Rhodium_1600056566481.html
Sr(OH)2,,1.0 Kilograms,Epoch High Purity Strontium Hydroxide Powder with Sr ( OH ) 2 and 18480-07-4,https://www.alibaba.com/product-detail/Epoch-High-Purity-Strontium-Hydroxide-Powder_1600284897257.html
Rh2O3 rhodium oxide,$50.00,5.0 Grams,99.9% Rhodium (III) Oxide Rh2O3 (80% Rh) CAS 12036-35-0,https://www.alibaba.com/product-detail/99-9-Rhodium-III-Oxide-Rh2O3_1600188240389.html
Rh2O3 rhodium oxide,,5.0 Grams,99.9% Rhodium (III) Oxide anhydrous Rh2O3 (80% Rh) CAS 12036-35-0,https://www.alibaba.com/product-detail/99-9-Rhodium-III-Oxide-anhydrous_1600188211627.html
Sr(OH)2,,25 Tons,High Purity Strontium Hydroxide Powder Sr ( OH ) 2 18480-07-4,https://www.alibaba.com/product-detail/High-Purity-Strontium-Hydroxide-Powder-Sr_1600254157130.html
Sr(OH)2,,1 Kilogram,Factory Price Sell High Purity Strontium Hydroxide Powder with Sr ( OH ) 2 and 18480-07-4,https://www.alibaba.com/product-detail/Factory-Price-Sell-High-Purity-Strontium_62492668827.html
Sr(OH)2,,1.0 Metric Tons,Factory supply high purity Sr ( OH ) 2 with best price CAS:18480-07-4 Strontium hydroxide,https://www.alibaba.com/product-detail/Factory-supply-high-purity-Sr-OH_1600262498014.html
Sr(OH)2,$0.01,1.0 Pieces,(Electronic Components) Schottky Rectifier Diode SR240 SR260 SR360 SR540 SR560 SR2100 SR3100 SR3200 SR5100 SR5150 SR5200 DO-41 D,https://www.alibaba.com/product-detail/-Electronic-Components-Schottky-Rectifier-Diode_1600290594689.html
Sr(OH)2,"$1,250.00",1.0 Tons,food grade magnesium hydroxide powder Mg( OH ) 2,https://www.alibaba.com/product-detail/food-grade-magnesium-hydroxide-powder-Mg_1600140093325.html
Copper Oxide CuO,,10 Pieces,Copper Oxide Cuo Cuo Copper Oxide Cuo Industrial Electron Grade CAS 1317-38-0 Nano Copper Oxide CuO,https://www.alibaba.com/product-detail/Copper-Oxide-Cuo-Cuo-Copper-Oxide_60780126620.html?s=p
MnO2 manganese oxide,$300.00,1.0 Pieces,Factory Price Sell Nano Manganese Oxide Powder with MnO2 Nanoparticles and Nanopowder Dispersion,https://www.alibaba.com/product-detail/Factory-Price-Sell-Nano-Manganese-Oxide_62423885152.html?s=p
Sr(OH)2,$99.00,5 Pieces,BGA Chip Laptop CPU SR2EZ SR23V SR23W SR2C4 SR2EZ SR2EY I5-5200U 2 .2G 3M 15W SR23Y IC Chip Electronic Chips,https://www.alibaba.com/product-detail/BGA-Chip-Laptop-CPU-SR2EZ-SR23V_60695721545.html
Copper Oxide CuO,,1.0 Kilograms,Nano copper oxide dispersion Cupric Oxide CuO nanoliquid CAS1317-38-0,https://www.alibaba.com/product-detail/Nano-copper-oxide-dispersion-Cupric-Oxide_1600106883228.html?s=p
Copper Oxide CuO,,1.0 Kilograms,Nano Copper II Oxide Powder Cupric Oxide CuO Nanoparticle,https://www.alibaba.com/product-detail/Nano-Copper-II-Oxide-Powder-Cupric_60585427923.html?s=p
Copper Oxide CuO,$0.06,500 Milliliters,Copper Oxide Cuo Cuocuo Aqueous Nano Copper Oxide Dispersion Price 10-50nm CuO Nanoparticles Solution 0.1mg/ml For Research,https://www.alibaba.com/product-detail/Copper-Oxide-Cuo-Cuocuo-Aqueous-Nano_1600133238085.html?s=p
Copper Oxide CuO,,1.0 Kilograms,Supply water liquid dispersion nano CuO copper oxide Dispersion,https://www.alibaba.com/product-detail/Supply-water-liquid-dispersion-nano-CuO_1600164460739.html
Copper Oxide CuO,,25.0 Metric Tons,CAS 1317-38-0 Cuo / copper oxide /cupric oxide for Fireworks,https://www.alibaba.com/product-detail/CAS-1317-38-0-Cuo-copper_1600380052746.html
MnO2 manganese oxide,$2.00,1.0 Bags,Mno2 Manganese Dioxide Mno2mno2 High Purity MnO2 Manganese Dioxide Powder Suppliers,https://www.alibaba.com/product-detail/Mno2-Manganese-Dioxide-Mno2mno2-High-Purity_60155430009.html?s=p
MnO2 manganese oxide,$30.00,1 Kilogram,Manganese Oxide Battery Cathode Materials Lithium Nickel Manganese Cobalt Oxide LiNiMnCoO2 NCM NMC 811 Powder,https://www.alibaba.com/product-detail/Manganese-Oxide-Battery-Cathode-Materials-Lithium_1600336676730.html?s=p
MnO2 manganese oxide,$59.00,1.0 Kilograms,LiNiMnCoO2/Lithium Nickel Manganese Cobalt Oxide /NMC for lithium battery cathode material,https://www.alibaba.com/product-detail/LiNiMnCoO2-Lithium-Nickel-Manganese-Cobalt-Oxide_1600218948900.html?s=p
MnO2 manganese oxide,$0.15,1.0 Kilograms,Hot selling Mno2 CAS 1313-13-9 Manganese dioxide 80-325mesh as Oxidant and catalyzer for many kinds of indutry,https://www.alibaba.com/product-detail/Hot-selling-Mno2-CAS-1313-13_1600463239159.html
MnO2 manganese oxide,$0.60,1.0 Kilograms,Hot Selling EMD electrolytic MnO2 manganese dioxide,https://www.alibaba.com/product-detail/Hot-Selling-EMD-electrolytic-MnO2-manganese_62577921837.html
Li2O,$600.00,1 Kilogram,Li2o Li2o Thermal Battery Materials Lithium Oxide Powder Li2O Powder,https://www.alibaba.com/product-detail/Li2o-Li2o-Thermal-Battery-Materials-Lithium_1600290287990.html?s=p
Copper Oxide CuO,,9.0 Tons,Factory direct price 99% CuO 120 density black Cupric Oxide copper oxide price,https://www.alibaba.com/product-detail/Factory-direct-price-99-CuO-120_1600196888177.html
MnO2 manganese oxide,$80.00,1.0 Kilograms,Supply Nano Manganese dioxide Powder with MnO2 Nanoparticles with factory price,https://www.alibaba.com/product-detail/Supply-Nano-Manganese-dioxide-Powder-with_1600276746970.html
Li2O,$269.00,1 Kilogram,battery materials Lithium oxide Li2O and 99% purity Lithium oxide,https://www.alibaba.com/product-detail/battery-materials-Lithium-oxide-Li2O-and_1600284730280.html?s=p
Li2O,$100.00,1.0 Kilograms,Li2O Factory Direct 99% High-purity thermal battery material lithium oxide Li2O For Lab Using,https://www.alibaba.com/product-detail/Li2O-Factory-Direct-99-High-purity_1600300913950.html
Li2O,$50.00,1.0 Kilograms,Li2O reagent Lithium oxide with high purity CAS 12057-24-8,https://www.alibaba.com/product-detail/Li2O-reagent-Lithium-oxide-with-high_1600447731055.html
Li2O,$15.00,1.0 Kilograms,China Supplier Lithium Oxide Li2O with CAS NO 12057-24-8,https://www.alibaba.com/product-detail/China-Supplier-Lithium-Oxide-Li2O-with_1600087844096.html
Li2O,$600.00,1 Kilogram,Thermal Battery Materials Lithium Oxide Li2O powder,https://www.alibaba.com/product-detail/Thermal-Battery-Materials-Lithium-Oxide-Li2O_1600265901741.html
Li2O,$280.00,10.0 Kilograms,China Supplier Lithium Oxide Li2O with CAS NO 12057-24-8,https://www.alibaba.com/product-detail/China-Supplier-Lithium-Oxide-Li2O-with_1600272145102.html
Iron Sulfate FeSO4,,1 Kilogram,Manufacturer Ferrous Sulphate 98%,https://www.alibaba.com/product-detail/Manufacturer-Ferrous-Sulphate-98-_1600304325599.html
Iron Sulfate FeSO4,,20 Tons,fertilizer grade ferrous sulphate FeSO3,https://www.alibaba.com/product-detail/fertilizer-grade-ferrous-sulphate-FeSO3_543980966.html
Iron Sulfate FeSO4,,18 Metric Tons,Ferrous Sulphate Anhydrous,https://www.alibaba.com/product-detail/Ferrous-Sulphate-Anhydrous_60719981899.html
Iron Sulfate FeSO4,,1.0 Kilograms,China Haida 98% Ferrous Sulphate Price FeSO4 .7H2O Ferrous Sulphate Heptahydrate Iron Sulhate Heptahydrate,https://www.alibaba.com/product-detail/China-Haida-98-Ferrous-Sulphate-Price_1600072996624.html
Iron Sulfate FeSO4,$40.00,27 Tons,High quality factory price Iron II Sulfate heptahydrate / ferrous sulphate /green vitriol,https://www.alibaba.com/product-detail/High-quality-factory-price-Iron-II_62519174736.html
Iron Sulfate FeSO4,,25.0 Tons,ferrous sulphate monohydrate feso4 with factory price and factory stock,https://www.alibaba.com/product-detail/ferrous-sulphate-monohydrate-feso4-with-factory_1600109951066.html
Iron Sulfate FeSO4,,25.0 Tons,green powder Ferrous sulphate for fertilizer Agriculture grade FeSO4 .7H2O,https://www.alibaba.com/product-detail/green-powder-Ferrous-sulphate-for-fertilizer_1700002224354.html
ZnSO4 zinc sulphate,$458.00,1.0 Metric Tons,Industrial grade Barium Sulphate (BASO4),https://www.alibaba.com/product-detail/Industrial-grade-Barium-Sulphate-BASO4-_60205407369.html
ZnSO4 zinc sulphate,$80.00,20.0 Tons,High-Quality Hot-Selling zinc sulphate yap Zinc Sulphate for Fertilizer,https://www.alibaba.com/product-detail/High-Quality-Hot-Selling-zinc-sulphate_1600387588883.html
ZnSO4 zinc sulphate,$500.00,25.0 Tons,China Good Quality Zinc Sulfate Monohydrate 98% Zinc Sulphate,https://www.alibaba.com/product-detail/China-Good-Quality-Zinc-Sulfate-Monohydrate_1600233921976.html
ZnSO4 zinc sulphate,$1.00,1 Kilogram,Factory supply high purity Zinc Sulfate Monohydrate with best price CAS:7446-19-7 Zinc Sulfate,https://www.alibaba.com/product-detail/Factory-supply-high-purity-Zinc-Sulfate_1600408439554.html
ZnSO4 zinc sulphate,$850.00,10 Metric Tons,Zinc Sulphate Heptahydrate,https://www.alibaba.com/product-detail/Zinc-Sulphate-Heptahydrate_62003528496.html
ZnSO4 zinc sulphate,$140.00,20 Tons,Best quality zinc sulphate heptahydrate price,https://www.alibaba.com/product-detail/Best-quality-zinc-sulphate-heptahydrate-price_60767266567.html
Calcum nitrate Ca(NO3)2,,1.0 Kilograms,Wholesale health care supplements Creatine Nitrate,https://www.alibaba.com/product-detail/Wholesale-health-care-supplements-Creatine-Nitrate_1600438693447.html
ZnSO4 zinc sulphate,$550.00,25.0 Metric Tons,lowest price/ zinc sulphate 35%/monohydrate.H2O/heptahydrate.7H2O,https://www.alibaba.com/product-detail/lowest-price-zinc-sulphate-35-monohydrate_1221775886.html
Calcum nitrate Ca(NO3)2,,25 Tons,Magnesium Calcium Nitrate in nitrogen fertilizer,https://www.alibaba.com/product-detail/Magnesium-Calcium-Nitrate-in-nitrogen-fertilizer_1600284725918.html
Calcum nitrate Ca(NO3)2,,500.0 Kilograms,Aluminium Nitrate nonahydrate 99% Industrial Grade,https://www.alibaba.com/product-detail/Aluminium-Nitrate-nonahydrate-99-Industrial-Grade_10000003195120.html
Calcum nitrate Ca(NO3)2,,27.0 Tons,compound fertilizer NOP Potassium nitrate Factory Price,https://www.alibaba.com/product-detail/compound-fertilizer-NOP-Potassium-nitrate-Factory_60734190778.html
Calcum nitrate Ca(NO3)2,,25 Tons,2021 Industrial Grade White Crystal Calcium Nitrate For Refrigerant,https://www.alibaba.com/product-detail/2021-Industrial-Grade-White-Crystal-Calcium_1600247468489.html
Calcum nitrate Ca(NO3)2,$500.00,1.0 Tons,Fertilizer bulk price nitrate potassium making potassium nitrate with fast delivery and free sample kno3 powder,https://www.alibaba.com/product-detail/Fertilizer-bulk-price-nitrate-potassium-making_1600126777539.html
Calcum nitrate Ca(NO3)2,,10 Tons,China Supplier High Purity Industrial Grade Calcium Nitrate Powder 99%,https://www.alibaba.com/product-detail/China-Supplier-High-Purity-Industrial-Grade_1600282678570.html
NiSO4 nickel sulphate,"$1,500.00",1 Ton,98% cuso4 equivalent weight of copper sulphate pentahydrate,https://www.alibaba.com/product-detail/98-cuso4-equivalent-weight-of-copper_60666814470.html
NiSO4 nickel sulphate,$1.00,1000.0 Kilograms,Sulphate Sulphate Ferrous Sulphate Monohydrate FeSO4 H2O,https://www.alibaba.com/product-detail/Sulphate-Sulphate-Ferrous-Sulphate-Monohydrate-FeSO4_1600124915895.html
NiSO4 nickel sulphate,"$1,000.00",10.0 Tons,Factory Offer Directly Price 98% CuSO4 Copper Sulphate,https://www.alibaba.com/product-detail/Factory-Offer-Directly-Price-98-CuSO4_1600275005193.html
NiSO4 nickel sulphate,$4.00,1000.0 Kilograms,"Nickel Sulphate Sodium Industrial, Electron Grade CAS 7786-81-4",https://www.alibaba.com/product-detail/Nickel-Sulphate-Sodium-Industrial-Electron-Grade_60795932472.html
NiSO4 nickel sulphate,$2.50,10000.0 Kilograms,Copper Sulfate/ sulphate Pentahydrate crystal feed grade,https://www.alibaba.com/product-detail/Copper-Sulfate-sulphate-Pentahydrate-crystal-feed_1600085719635.html
NiSO4 nickel sulphate,$4.20,100 Kilograms,Manufacturers selling content is 98% blue nickel plated nickel ammonium sulfate price Ni(NH4)2(SO4)2.6H2O,https://www.alibaba.com/product-detail/Manufacturers-selling-content-is-98-blue_1600157188970.html
Ca(OH)2 calcium hydrate,$950.00,25 Tons,Strength chemical enterprise wholesale export fast delivery good quality full size calcium carbide (cac2) of size 50mm -80mm,https://www.alibaba.com/product-detail/Strength-chemical-enterprise-wholesale-export-fast_1600437575558.html
NiSO4 nickel sulphate,$200.00,25 Metric Tons,Manufacturers Direct Selling Chemical Fertilizer Manganese Sulphate,https://www.alibaba.com/product-detail/Manufacturers-Direct-Selling-Chemical-Fertilizer-Manganese_1600457351401.html
Ca(OH)2 calcium hydrate,$950.00,25 Tons,Chemical Formula Cac2 Calcium Carbide Price In china,https://www.alibaba.com/product-detail/Chemical-Formula-Cac2-Calcium-Carbide-Price_1600430863888.html
Ca(OH)2 calcium hydrate,$950.00,25 Tons,Quality certification export products calcium carbide drum 50kg,https://www.alibaba.com/product-detail/Quality-certification-export-products-calcium-carbide_1600444242518.html
Ca(OH)2 calcium hydrate,$10.00,1.0 Kilograms,Calcium Copper Titanate CCTO,https://www.alibaba.com/product-detail/Calcium-Copper-Titanate-CCTO_60682595594.html
Ca(OH)2 calcium hydrate,$900.00,22.0 Metric Tons,Size1-25 / 25-50 / 50-80mm calcium carbide Cac2,https://www.alibaba.com/product-detail/Size1-25-25-50-50-80mm_1600338230886.html
Ca(OH)2 calcium hydrate,$950.00,25 Tons,China Chemical Formula 15-25mm Calcium Carbide Cac2,https://www.alibaba.com/product-detail/China-Chemical-Formula-15-25mm-Calcium_1600424794630.html
BaCO3 barium carbonate,$0.20,1.0 Kilograms,Factory Supply 99.2% min BaCO3 Light Barium Carbonate,https://www.alibaba.com/product-detail/Factory-Supply-99-2-min-BaCO3_1600134465547.html
Ca(OH)2 calcium hydrate,$600.00,20.0 Tons,Calcium carbide manufacturer size 50-80mm 25-50mm 15-25mm 7-15mm 4-7mm 1-4mm,https://www.alibaba.com/product-detail/Calcium-carbide-manufacturer-size-50-80mm_62254094812.html
BaCO3 barium carbonate,$370.00,25.0 Tons,barium carbonate 99.2% min tech grade powder/ granular cas :513-77-9,https://www.alibaba.com/product-detail/barium-carbonate-99-2-min-tech_60242716318.html
BaCO3 barium carbonate,$360.00,1.0 Metric Tons,High Quality Cheap price Barium Carbonate BaCO3 99% for making barium salt,https://www.alibaba.com/product-detail/High-Quality-Cheap-price-Barium-Carbonate_60726382636.html
BaCO3 barium carbonate,$350.00,20 Tons,99% precipitated Barium Carbonate powder or granular,https://www.alibaba.com/product-detail/99-precipitated-Barium-Carbonate-powder-or_742040392.html
BaCO3 barium carbonate,$350.00,20 Tons,Guizhou Redstar Barium Carbonate Free Flowing Powder,https://www.alibaba.com/product-detail/Guizhou-Redstar-Barium-Carbonate-Free-Flowing_60487246754.html
BaCO3 barium carbonate,$6.00,10 Kilograms,Supply Barium Carbonate 99.9%min ( BaCO3 ) for electronic devices,https://www.alibaba.com/product-detail/Supply-Barium-Carbonate-99-9-min_62221047121.html
BaCO3 barium carbonate,$330.00,25 Metric Tons,Industrial Grade Barium Carbonate price,https://www.alibaba.com/product-detail/Industrial-Grade-Barium-Carbonate-price_257420527.html
Mg(OH)2 magnesium hydroxide,,1.0 Metric Tons,Inorganic Halogen Free Flame Retardant Silane Coated Magnesium Hydroxide MDH for Wire and Cable,https://www.alibaba.com/product-detail/Inorganic-Halogen-Free-Flame-Retardant-Silane_1600262682295.html
Mg(OH)2 magnesium hydroxide,,20000.0 Kilograms,High purity actitvity Magnesium Hydroxide MDH,https://www.alibaba.com/product-detail/High-purity-actitvity-Magnesium-Hydroxide-MDH_60806642881.html
Mg(OH)2 magnesium hydroxide,,20 Metric Tons,Synthetic Magnesium Hydroxide silane coated grade,https://www.alibaba.com/product-detail/Synthetic-Magnesium-Hydroxide-silane-coated-grade_60715614601.html
Mg(OH)2 magnesium hydroxide,,100.0 Kilograms,2021 hot selling Submicron Aluminium Hydroxide,https://www.alibaba.com/product-detail/2021-hot-selling-Submicron-Aluminium-Hydroxide_1600197337718.html
Mg(OH)2 magnesium hydroxide,,1.0 Tons,High purity white magnesium hydroxide mg ( oh ) 2 for acid soil magnesium hydroxide for plastics high purity magnesium hydroxide,https://www.alibaba.com/product-detail/High-purity-white-magnesium-hydroxide-mg_1600083777018.html
Mg(OH)2 magnesium hydroxide,,50.0 Kilograms,magnesium hydroxide Mg ( OH ) 2 CAS1309-42-8 high purity particle side 5-6 um Flame retardant magnesium hydroxide,https://www.alibaba.com/product-detail/magnesium-hydroxide-Mg-OH-2-CAS1309_1600268721593.html
Mg(OH)2 magnesium hydroxide,,25 Tons,Magnesium Hydroxide MG ( OH ) 2 Fire Retardant,https://www.alibaba.com/product-detail/Magnesium-Hydroxide-MG-OH-2-Fire_60616842586.html
MgCO3 magnesium carbonate,$740.00,1 Ton,magnesium carbonate mgco3,https://www.alibaba.com/product-detail/magnesium-carbonate-mgco3_62122099449.html
MgCO3 magnesium carbonate,$380.00,1.0 Tons,Professional Factory Purity 99.3% Min MgCO3 Light Magnesium Carbonate CAS13717-00-5,https://www.alibaba.com/product-detail/Professional-Factory-Purity-99-3-Min_1600073515019.html
MgCO3 magnesium carbonate,$640.00,1.0 Metric Tons,Magnesium carbonate ( MgCO3 ),https://www.alibaba.com/product-detail/Magnesium-carbonate-MgCO3-_1600226091537.html
MgCO3 magnesium carbonate,$250.00,28.0 Tons,High Quality light Magnesium Carbonate powder Mgco3,https://www.alibaba.com/product-detail/High-Quality-light-Magnesium-Carbonate-powder_62567769674.html
MgCO3 magnesium carbonate,$2.30,500 Kilograms,bulk magnesium carbonate mgco3 light powder for condoms,https://www.alibaba.com/product-detail/bulk-magnesium-carbonate-mgco3-light-powder_1600353635396.html
MgCO3 magnesium carbonate,$779.43,5.0 Tons,Huge Demand Cosmetic Grade 546-93-0 Magnesium Carbonate ( MGCO3 ),https://www.alibaba.com/product-detail/Huge-Demand-Cosmetic-Grade-546-93_10000003069114.html
MgCO3 magnesium carbonate,$480.00,1 Ton,magnesium chloride na2co3 sodium carbonate for 98.% powder soda ash,https://www.alibaba.com/product-detail/magnesium-chloride-na2co3-sodium-carbonate-for_60745944066.html
Copper Sulfate CuSO4,$980.00,1.0 Tons,Anhydrous Copper 2 Sulfate Cuso4 Copper Sulfate Blue For Paint,https://www.alibaba.com/product-detail/Anhydrous-Copper-2-Sulfate-Cuso4-Copper_1600408707403.html
Copper Sulfate CuSO4,,1.0 Kilograms,With Competitive Price Top Quality 98% Blue Crystal Copper Sulfate CuSo4 .5H2O for Mining Industry Used,https://www.alibaba.com/product-detail/With-Competitive-Price-Top-Quality-98_60717583827.html
Copper Sulfate CuSO4,,1 Kilogram,Agricultural/ Industrial/ Feed Grade 98% High Purity CuSO4 Blue Price Copper Sulphate Sulfate Price Pentahydrate,https://www.alibaba.com/product-detail/Agricultural-Industrial-Feed-Grade-98-High_1600321992146.html
Copper Sulfate CuSO4,,25 Metric Tons,CAS 7758-99-8 CuSO4 .5H2O Copper II Sulfate Pentahydrate,https://www.alibaba.com/product-detail/CAS-7758-99-8-CuSO4-5H2O_721363274.html
Copper Sulfate CuSO4,,1000 Kilograms,98% min Copper Sulfate Pentahydrate / CuSO4 mineral processing reagents,https://www.alibaba.com/product-detail/98-min-Copper-Sulfate-Pentahydrate-CuSO4_1600215043658.html
Copper Sulfate CuSO4,,1.0 Kilograms,Industrial Use CuSO4 Copper Sulfate,https://www.alibaba.com/product-detail/Industrial-Use-CuSO4-Copper-Sulfate_1600390359334.html
Copper Sulfate CuSO4,$1.00,1000.0 Kilograms,Copper Sulphate Sulphate Copper Pentahydrate 98% 99% Industrial Grade CuSO4 5H2O,https://www.alibaba.com/product-detail/Copper-Sulphate-Sulphate-Copper-Pentahydrate-98_1600135694391.html
PbCO3 lead carbonate,,28 Bags,Calcium Carbonate,https://www.alibaba.com/product-detail/Calcium-Carbonate_105894420.html
PbCO3 lead carbonate,,25.0 Metric Tons,Vietnam competitive price calcium carbonated powder caco3,https://www.alibaba.com/product-detail/Vietnam-competitive-price-calcium-carbonated-powder_62005842265.html
PbCO3 lead carbonate,,1.0 Tons,Superfine coated ground calcium carbonate,https://www.alibaba.com/product-detail/Superfine-coated-ground-calcium-carbonate_1600247416512.html
PbCO3 lead carbonate,$50.00,50.0 Tons,calcium carbonate for plastic,https://www.alibaba.com/product-detail/calcium-carbonate-for-plastic_50002856065.html
PbCO3 lead carbonate,,3.0 Tons,high quality Industrial grade calcium carbonate bentonite carbonate powder calcium carbonated powder caco3 carbonate,https://www.alibaba.com/product-detail/high-quality-Industrial-grade-calcium-carbonate_1600448230174.html
PbCO3 lead carbonate,,1.0 Tons,Best quality Food grade precipitated Calcium carbonate,https://www.alibaba.com/product-detail/Best-quality-Food-grade-precipitated-Calcium_60778023152.html
PbCO3 lead carbonate,,20 Tons,china manufacturer calcium carbonate heavy FCC/BP/USP,https://www.alibaba.com/product-detail/china-manufacturer-calcium-carbonate-heavy-FCC_60693153050.html
Ni(OH)2 nickel hydroxide,"$1,350.00",15 Tons,99%min monohydrate / octahydrate CAS 22326-55- 2 / 12230-71-6 Barium Hydroxide,https://www.alibaba.com/product-detail/99-min-monohydrate-octahydrate-CAS-22326_1600057568499.html
Ni(OH)2 nickel hydroxide,$23.50,1 Kilogram,62% min purity cobalt hydroxide,https://www.alibaba.com/product-detail/62-min-purity-cobalt-hydroxide_62273748080.html
Ni(OH)2 nickel hydroxide,$200.00,1.0 Tons,Aluminum Hydroxide with Factory Price,https://www.alibaba.com/product-detail/Aluminum-Hydroxide-with-Factory-Price_1600077341868.html
Ni(OH)2 nickel hydroxide,$400.00,3.0 Tons,MSDS Aluminium Hydroxide - Al( OH )3 Micro Powder,https://www.alibaba.com/product-detail/MSDS-Aluminium-Hydroxide-Al-OH-3_62014541492.html
Ni(OH)2 nickel hydroxide,$9.00,1.0 Kilograms,High quality Zirconium hydroxide powder CAS 14475-63-9 supply in stock,https://www.alibaba.com/product-detail/High-quality-Zirconium-hydroxide-powder-CAS_1600441049704.html
Ni(OH)2 nickel hydroxide,$360.00,1 Ton,Factory Supply Aluminium Hydroxide ATH Al( OH )3,https://www.alibaba.com/product-detail/Factory-Supply-Aluminium-Hydroxide-ATH-Al_60458578346.html
Ni(OH)2 nickel hydroxide,$20.00,100.0 Grams,Factory supply Iron hydroxide /Ferric hydroxide cas 1309-33-7 for desulfurizer,https://www.alibaba.com/product-detail/Factory-supply-Iron-hydroxide-Ferric-hydroxide_1600360271259.html
MgO magnesium oxide,$3.50,100 Pieces,Magnesium Oxide Mgo Fire Proof Board OCM Brand Chloride Free Fire Proof Magnesium Oxide Board Mgo Wall Board Panel,https://www.alibaba.com/product-detail/Magnesium-Oxide-Mgo-Fire-Proof-Board_10000003004476.html?s=p
MgO magnesium oxide,$5.50,100 Acres,Magnesium Oxide Mgo High Quality Magnesium Oxide Board Mgo Panel For Osb Alternative,https://www.alibaba.com/product-detail/Magnesium-Oxide-Mgo-High-Quality-Magnesium_1600275758020.html?s=p
MgO magnesium oxide,$1.00,1.0 Kilograms,Mgo Magnesium Oxide Mgo Industrial Grade Mgo White Powder 99% Magnesium Oxide For Making Paint,https://www.alibaba.com/product-detail/Mgo-Magnesium-Oxide-Mgo-Industrial-Grade_1600241271379.html?s=p
MgO magnesium oxide,$3.00,100.0 Pieces,Magnesium Oxide Mgo High Quality Magnesium Oxide Board/ Mgo Panel,https://www.alibaba.com/product-detail/Magnesium-Oxide-Mgo-High-Quality-Magnesium_1600427351849.html?s=p
MgO magnesium oxide,$20.00,1.0 Kilograms,Magnesium Oxide Mgo Mgomgo Cas 1309-48-4 High Purity Nano Magnesium Oxide MgO Nanopowder / Nanoparticles,https://www.alibaba.com/product-detail/Magnesium-Oxide-Mgo-Mgomgo-Cas-1309_1600272234577.html?s=p
MgO magnesium oxide,$100.00,25 Metric Tons,Magnesium oxide 85% industrial grade mgo white powder,https://www.alibaba.com/product-detail/Magnesium-oxide-85-industrial-grade-mgo_62245337318.html
MgO magnesium oxide,$80.00,1.0 Metric Tons,Magnesium Oxide powder Mgo85% 200mesh,https://www.alibaba.com/product-detail/Magnesium-Oxide-powder-Mgo85-200mesh_1600082318899.html
MnO2 manganese oxide,$80.00,1.0 Kilograms,Supply Active manganese dioxide MnO2 powder used for battery material,https://www.alibaba.com/product-detail/Supply-Active-manganese-dioxide-MnO2-powder_1600275685834.html
MnO2 manganese oxide,$5.00,1.0 Metric Tons,High Purity 1um Manganese Oxide MnO2 Powder CAS 1313-13-9 Manganese Dioxide,https://www.alibaba.com/product-detail/High-Purity-1um-Manganese-Oxide-MnO2_1600458862059.html
MnO2 manganese oxide,$25.00,1.0 Kilograms,Battery Cathode Material NMC Powder LiNiMnCoO2 Lithium Nickel Manganese Cobalt Oxide,https://www.alibaba.com/product-detail/Battery-Cathode-Material-NMC-Powder-LiNiMnCoO2_60569231365.html
MnO2 manganese oxide,$17.40,1.0 Kilograms,Lithium Manganese Oxide LiMn2O4 LMO Powder For Li-ion Battery Raw Materials,https://www.alibaba.com/product-detail/Lithium-Manganese-Oxide-LiMn2O4-LMO-Powder_1600210106593.html
MnO2 manganese oxide,"$1,400.00",100 Kilograms,Battery Cathode Material NMC Powder LiNiMnCoO2 Lithium Nickel Manganese Cobalt Oxide,https://www.alibaba.com/product-detail/Battery-Cathode-Material-NMC-Powder-LiNiMnCoO2_1600458029128.html
MnO2 manganese oxide,$60.00,1.0 Kilograms,Battery Cathode Active Material NMC 811 Powder Lithium Manganese Nickel Cobalt Oxide Linimncoo2,https://www.alibaba.com/product-detail/Battery-Cathode-Active-Material-NMC-811_1600455650757.html
MnO2 manganese oxide,$18.00,1 Kilogram,Manganese Dioxide MnO2 Pellet,https://www.alibaba.com/product-detail/Manganese-Dioxide-MnO2-Pellet_60822185464.html
SrCO3 strontium carbonate,$3.50,100 Kilograms,Hot sale manufacturer price strontium carbonate 1633-05-2 SrCO3,https://www.alibaba.com/product-detail/Hot-sale-manufacturer-price-strontium-carbonate_60743664668.html
SrCO3 strontium carbonate,$500.00,10.0 Metric Tons,White Powder Strontium Carbonate for Industrial Grade 98% Purity Strontium Carbonate with Better Price,https://www.alibaba.com/product-detail/White-Powder-Strontium-Carbonate-for-Industrial_1600366813771.html
SrCO3 strontium carbonate,$900.00,1.0 Metric Tons,White Powder Strontium Carbonate for Industrial Grade 98% Purity Strontium Carbonate with Better Price,https://www.alibaba.com/product-detail/White-Powder-Strontium-Carbonate-for-Industrial_1600154697640.html
SrCO3 strontium carbonate,$300.00,1 Kilogram,Factory Price Sell Nano Strontium Carbonate Powder with SrCO3 Nanoparticles and Nanopowder Dispersion,https://www.alibaba.com/product-detail/Factory-Price-Sell-Nano-Strontium-Carbonate_62456791693.html
SrCO3 strontium carbonate,"$1,000.00",9.0 Tons,Strontium Carbonate High Purity Strontium Carbonate Powder SrCO3 Manufacturer,https://www.alibaba.com/product-detail/Strontium-Carbonate-High-Purity-Strontium-Carbonate_1600387192348.html
SrCO3 strontium carbonate,$800.00,10.0 Metric Tons,Factory Price !! Strontium carbonate in FIC best quality,https://www.alibaba.com/product-detail/Factory-Price-Strontium-carbonate-in-FIC_60726940291.html
SrCO3 strontium carbonate,$800.00,10.0 Metric Tons,Industrial Grade Strontium Carbonate 97%min CAS 471-34-1 Good Price,https://www.alibaba.com/product-detail/Industrial-Grade-Strontium-Carbonate-97-min_1600291041724.html
Calcum nitrate Ca(NO3)2,"$1,000.00",1000 Kiloamperes,High Quality Calcium Nitrate Tetrahydrate 98% min Calcium Nitrate,https://www.alibaba.com/product-detail/High-Quality-Calcium-Nitrate-Tetrahydrate-98_1600349409230.html
Calcum nitrate Ca(NO3)2,$480.00,1.0 Tons,Buy Good Quality barium nitrate CAS NO 10022-31-8 Ba( NO3 ) 2 price granular powder 99.3% 99.5% industrial tech grade manufacturer,https://www.alibaba.com/product-detail/Buy-Good-Quality-barium-nitrate-CAS_1600166812270.html
Calcum nitrate Ca(NO3)2,$690.00,10 Tons,Buy potassium nitrate crystal CAS NO 7757-79-1 compound fertilizer KNO3,https://www.alibaba.com/product-detail/Buy-potassium-nitrate-crystal-CAS-NO_1600069892467.html
Calcum nitrate Ca(NO3)2,"$2,250.00",20 Tons,lead nitrate cas no 10099-74-8 99.0%min,https://www.alibaba.com/product-detail/lead-nitrate-cas-no-10099-74_60744231054.html
Calcum nitrate Ca(NO3)2,$500.00,18.0 Metric Tons,Low Price China Manufacturer High Purity Best Grade Chemical 3 years shelf life Ba( NO3 ) 2 Barium Nitrate For Fireworks,https://www.alibaba.com/product-detail/Low-Price-China-Manufacturer-High-Purity_60670174444.html
Calcum nitrate Ca(NO3)2,$600.00,1.0 Metric Tons,98% Aluminium Nitrate 9H2O,https://www.alibaba.com/product-detail/98-Aluminium-Nitrate-9H2O_652460388.html
Calcum nitrate Ca(NO3)2,$950.00,24.0 Tons,Buy Good Quality barium nitrate CAS NO 10022-31-8 Ba( NO3 ) 2 price granular powder 99.3% 99.5% industrial tech grade supplier,https://www.alibaba.com/product-detail/Buy-Good-Quality-barium-nitrate-CAS_1600433758140.html
BaCO3 barium carbonate,$2.00,1.0 Kilograms,Factory Supply 99.9% High Purity Cesium Carbonate cs2co3,https://www.alibaba.com/product-detail/Factory-Supply-99-9-High-Purity_1600315458465.html
BaCO3 barium carbonate,$37.00,1.0 Kilograms,Hot selling top quality Cobalt carbonate Factory direct sale,https://www.alibaba.com/product-detail/Hot-selling-top-quality-Cobalt-carbonate_1600215337091.html
BaCO3 barium carbonate,$400.00,25.0 Metric Tons,Cas No.513-77-9 25KG packing popular product barium carbonate granulated powder,https://www.alibaba.com/product-detail/Cas-No-513-77-9-25KG_1600202383165.html
BaCO3 barium carbonate,$15.00,1 Metric Ton,Barium Carbonate free flowing,https://www.alibaba.com/product-detail/Barium-Carbonate-free-flowing_60655225823.html
BaCO3 barium carbonate,$250.00,1.0 Metric Tons,HAIDA factory supply Ferrous carbonate 99% FeCo3 Iron carbonate 38% CAS 563-71-3,https://www.alibaba.com/product-detail/HAIDA-factory-supply-Ferrous-carbonate-99_1600181689183.html
BaCO3 barium carbonate,$50.00,1.0 Kilograms,Factory Supply Hot Selling Cobalt Carbonate CAS 513-79-1,https://www.alibaba.com/product-detail/Factory-Supply-Hot-Selling-Cobalt-Carbonate_1600425179015.html
BaCO3 barium carbonate,$0.50,1 Kilogram,Buysway Precipitated CaCO3 >99% Superfine 50~100nm Nano Particles Low Oil Absorption for Plastic Industry Calcium Carbonate,https://www.alibaba.com/product-detail/Buysway-Precipitated-CaCO3-99-Superfine-50_1600240468897.html
Copper Oxide CuO,$7.00,1 Kilogram,Superfine copper oxide nanoparticle CuO with factory price,https://www.alibaba.com/product-detail/Superfine-copper-oxide-nanoparticle-CuO-with_62070422629.html
Copper Oxide CuO,$4.00,1.0 Kilograms,Superfine copper oxide price nanoparticle CuO with Price Advantage,https://www.alibaba.com/product-detail/Superfine-copper-oxide-price-nanoparticle-CuO_1600135198571.html
Copper Oxide CuO,$15.00,20 Kilograms,Copper oxide hot sales black copper oxide used in fireworks plating,https://www.alibaba.com/product-detail/Copper-oxide-hot-sales-black-copper_1600283899932.html
Copper Oxide CuO,$20.00,25 Kilograms,copper oxide price cupric oxide 25kg per bag,https://www.alibaba.com/product-detail/copper-oxide-price-cupric-oxide-25kg_62044462070.html
Copper Oxide CuO,$20.00,1000 Kilograms,Nano copper Oxide 99% 98 % CuO CAS 1317-38-0 Copper (II) oxide,https://www.alibaba.com/product-detail/Nano-copper-Oxide-99-98-CuO_62325595583.html
Copper Oxide CuO,$160.00,5 Kilograms,100nm Red Cuprous Oxide Nanopowder CAS 1317-39-1 Copper Oxide Cu2O,https://www.alibaba.com/product-detail/100nm-Red-Cuprous-Oxide-Nanopowder-CAS_1600382438720.html
Copper Oxide CuO,$40.00,1000.0 Kilograms,Cupric oxide / Copper Oxide CAS 1317-39-1 with purity 98%,https://www.alibaba.com/product-detail/Cupric-oxide-Copper-Oxide-CAS-1317_1600110916579.html
ZnSO4 zinc sulphate,$0.16,500 Kilograms,Manufacturers Aluminium Sulphate /aluminum Sulfate 16%-17% Powder Al2(so4)3,https://www.alibaba.com/product-detail/Manufacturers-Aluminium-Sulphate-aluminum-Sulfate-16_1600466972799.html
ZnSO4 zinc sulphate,$400.00,25.0 Tons,zinc sulphate heptahydrate 33 in sulphate,https://www.alibaba.com/product-detail/zinc-sulphate-heptahydrate-33-in-sulphate_1600136494212.html
ZnSO4 zinc sulphate,$100.00,25.0 Tons,Low Price 33% ZnSO4 Fertilizer Zinc Sulphate Heptahydrate Monohydrate,https://www.alibaba.com/product-detail/Low-Price-33-ZnSO4-Fertilizer-Zinc_1600444608721.html
ZnSO4 zinc sulphate,$140.00,25.0 Tons,fertilizer zinc sulphate heptahydrate znso47h2o zn 21 feed grade grey white granular preservative for wood,https://www.alibaba.com/product-detail/fertilizer-zinc-sulphate-heptahydrate-znso47h2o-zn_1600467028470.html
ZnSO4 zinc sulphate,$450.00,1.0 Metric Tons,High quality low price zinc sulfate monohydrate China factory bulk fertilizer ZnSO4 H2O,https://www.alibaba.com/product-detail/High-quality-low-price-zinc-sulfate_1600460196226.html
ZnSO4 zinc sulphate,$550.00,1.0 Metric Tons,zinc sulfate Zinc And Copper Sulfate Agriculture Fertilizer Znso4 H2o Sulfate De Zinc With Purity 99%,https://www.alibaba.com/product-detail/zinc-sulfate-Zinc-And-Copper-Sulfate_1600400398011.html
ZnSO4 zinc sulphate,$470.00,1 Ton,Zn 22 percent ZnSO4 7H2O Zinc Sulphate Heptahydrate,https://www.alibaba.com/product-detail/Zn-22-percent-ZnSO4-7H2O-Zinc_529616644.html
Mg(OH)2 magnesium hydroxide,$0.58,1000 Kilograms,"High purity Magnesium hydroxide flame retardant, Industrial Grade Mg ( OH ) 2 Nanopowder rubber products",https://www.alibaba.com/product-detail/High-purity-Magnesium-hydroxide-flame-retardant_62532953133.html
Mg(OH)2 magnesium hydroxide,$1.80,1000 Kilograms,Magnesium hydroxide from Indian supplier,https://www.alibaba.com/product-detail/Magnesium-hydroxide-from-Indian-supplier_123056035.html
Mg(OH)2 magnesium hydroxide,"$100,000.00",1.0 Sets,Mg ( OH ) 2 Automatic Filter Press Magnesium hydroxide filter press,https://www.alibaba.com/product-detail/Mg-OH-2-Automatic-Filter-Press_1600219930366.html
Mg(OH)2 magnesium hydroxide,$230.00,1 Metric Ton,High Quality fire retardant magnesium hydroxide price and magnesium hydroxide flame retardant price,https://www.alibaba.com/product-detail/High-Quality-fire-retardant-magnesium-hydroxide_60402531351.html
Mg(OH)2 magnesium hydroxide,$200.00,5 Tons,Magnesium Hydroxide Flame Retardant Mg ( OH ) 2,https://www.alibaba.com/product-detail/Magnesium-Hydroxide-Flame-Retardant-Mg-OH_958633908.html
Mg(OH)2 magnesium hydroxide,$1.00,1.0 Kilograms,Professional Supplier Magnesium Hydroxide Powder 1309-42-8,https://www.alibaba.com/product-detail/Professional-Supplier-Magnesium-Hydroxide-Powder-1309_1600303705407.html
Mg(OH)2 magnesium hydroxide,$510.00,5 Tons,Industrial grade aluminum hydroxide Artificial Marble raw materials aluminium hydroxyde powder,https://www.alibaba.com/product-detail/Industrial-grade-aluminum-hydroxide-Artificial-Marble_1600265946625.html
NiSO4 nickel sulphate,$600.00,20 Tons,SODIUM SULPHATE,https://www.alibaba.com/product-detail/SODIUM-SULPHATE_112021269.html
NiSO4 nickel sulphate,$110.00,1 Kilogram,99% Cesium Sulphate,https://www.alibaba.com/product-detail/99-Cesium-Sulphate_542810074.html
NiSO4 nickel sulphate,"$1,200.00",20.0 Metric Tons,water treatment chemical copper sulphate price,https://www.alibaba.com/product-detail/water-treatment-chemical-copper-sulphate-price_1129942425.html
NiSO4 nickel sulphate,$30.00,100.0 Tons,Ferrous Sulphate 98% FeSO4 7H2O,https://www.alibaba.com/product-detail/Ferrous-Sulphate-98-FeSO4-7H2O_62036328032.html
NiSO4 nickel sulphate,"$3,800.00",10.0 Tons,copper sulphate pentahydrate electroplating grade 99% min.,https://www.alibaba.com/product-detail/copper-sulphate-pentahydrate-electroplating-grade-99_321217275.html
NiSO4 nickel sulphate,$170.00,20 Metric Tons,Ferrous Sulphate Monohydrate/Heptahydrate Fertilizer Price 100% Water Soluble Iron Fertilizer,https://www.alibaba.com/product-detail/Ferrous-Sulphate-Monohydrate-Heptahydrate-Fertilizer-Price_60748845448.html
NiSO4 nickel sulphate,$1.80,25.0 Kilograms,Russia high quality industrial grade crystal prices copper sulphate,https://www.alibaba.com/product-detail/Russia-high-quality-industrial-grade-crystal_1600150558509.html
PbCO3 lead carbonate,$165.00,1 Ton,Precipitated Calcium Carbonate,https://www.alibaba.com/product-detail/Precipitated-Calcium-Carbonate_266099235.html
PbCO3 lead carbonate,$120.00,20.0 Tons,precipitated calcium carbonate plant supply pvc plastic fitting use light caco3 calcium carbonate,https://www.alibaba.com/product-detail/precipitated-calcium-carbonate-plant-supply-pvc_1600457766061.html
PbCO3 lead carbonate,$295.00,5.0 Metric Tons,Hot Sale Activate Calcium Carbonate CaCO3 Made In China,https://www.alibaba.com/product-detail/Hot-Sale-Activate-Calcium-Carbonate-CaCO3_1600229630746.html
PbCO3 lead carbonate,$0.14,20.0 Kilograms,"Hot-sale good white powder, industrial grade 99.1% CaCO3 content, calcium carbonate for paint",https://www.alibaba.com/product-detail/Hot-sale-good-white-powder-industrial_62089855251.html
PbCO3 lead carbonate,$200.00,1 Ton,Trusty Inorganic chemical powder Light Coated Precipitated Calcium Carbonate,https://www.alibaba.com/product-detail/Trusty-Inorganic-chemical-powder-Light-Coated_1600126919635.html
PbCO3 lead carbonate,$100.00,5.0 Metric Tons,Caco3 light alcium carbonate for building,https://www.alibaba.com/product-detail/Caco3-light-alcium-carbonate-for-building_1600404214106.html
PbCO3 lead carbonate,$145.00,20.0 Tons,"Coated caco3 , Environmental friendly calcium carbonate coated made in Vietnam manufacturer at cheap price",https://www.alibaba.com/product-detail/Coated-caco3-Environmental-friendly-calcium-carbonate_10000002529698.html
Ni(OH)2 nickel hydroxide,$360.00,,Fire retardant chemical formula of aluminum hydroxide al( oh )3,https://www.alibaba.com/product-detail/Fire-retardant-chemical-formula-of-aluminum_62001823979.html
Ni(OH)2 nickel hydroxide,$100.00,20.0 Tons,2021 Good Quality Very Nice White Powder High Purity Fire Retardant Aluminum Hydroxide,https://www.alibaba.com/product-detail/2021-Good-Quality-Very-Nice-White_1600424413194.html
Ni(OH)2 nickel hydroxide,$1.00,1 Kilogram,Ba( OH ) 2 .H2O manufacturer,https://www.alibaba.com/product-detail/Ba-OH-2-H2O-manufacturer_1497185577.html
Ni(OH)2 nickel hydroxide,$50.00,1.0 Kilograms,Positive Electrode Nickel Powder High Quality Ni ( OH ) 2 Spherical Nickel Ni Hydroxide Powder,https://www.alibaba.com/product-detail/Positive-Electrode-Nickel-Powder-High-Quality_1600389036745.html
Ni(OH)2 nickel hydroxide,$10.00,1 Kilogram,Hot sale Nickel Hydroxide Ni ( OH ) 2 CAS 12054-48-7,https://www.alibaba.com/product-detail/Hot-sale-Nickel-Hydroxide-Ni-OH_1600396625006.html
Ni(OH)2 nickel hydroxide,$1.00,1.0 Kilograms,With Best Price Used in Electroplating CAS 12054-48-7 Nickel Hydroxide Ni ( OH ) 2 for Industry,https://www.alibaba.com/product-detail/With-Best-Price-Used-in-Electroplating_1600367496815.html
Ni(OH)2 nickel hydroxide,$1.00,1.0 Kilograms,Manufacture supply high quality Lithium hydroxide CAS 1310-65- 2 with best price,https://www.alibaba.com/product-detail/Manufacture-supply-high-quality-Lithium-hydroxide_1600431839955.html
MgCO3 magnesium carbonate,$0.90,1000.0 Kilograms,Wet Powder MnCO3 Manganese Carbonate for Manganese Nitrate Salt,https://www.alibaba.com/product-detail/Wet-Powder-MnCO3-Manganese-Carbonate-for_1600460673838.html
MgCO3 magnesium carbonate,$0.50,1.0 Kilograms,cosmetic grade magnesium and calsium bulk 25kg magnesium carbonate green powder,https://www.alibaba.com/product-detail/cosmetic-grade-magnesium-and-calsium-bulk_1600369193766.html
MgCO3 magnesium carbonate,$8.00,25.0 Kilograms,Thermal insulation material food additive Magnesium carbonate CAS 546-93-0,https://www.alibaba.com/product-detail/Thermal-insulation-material-food-additive-Magnesium_1600457514861.html
MgCO3 magnesium carbonate,$60.00,25 Kilograms,Magnesium Carbonate CAS 13717-00-5 Light Magnesium Carbonate Powder,https://www.alibaba.com/product-detail/Magnesium-Carbonate-CAS-13717-00-5_1600452057535.html
MgCO3 magnesium carbonate,$1.00,5.0 Kilograms,Hot Sell Factory Manufactured Barium Carbonate Price 513-77-9,https://www.alibaba.com/product-detail/Hot-Sell-Factory-Manufactured-Barium-Carbonate_60248184195.html
MgCO3 magnesium carbonate,$1.00,1.0 Kilograms,High Purity Magnesium carbonate basic pentahydrate CAS 56378-72-4 Magnesium carbonate basic pentahydrate,https://www.alibaba.com/product-detail/High-Purity-Magnesium-carbonate-basic-pentahydrate_1600438345257.html
MgCO3 magnesium carbonate,$150.00,1 Carton,sports chalk Magnesium Carbonate chalk high purity good price,https://www.alibaba.com/product-detail/sports-chalk-Magnesium-Carbonate-chalk-high_1600106135322.html
Ca(OH)2 calcium hydrate,"$1,500.00",22 Metric Tons,Fast shipments factory CaC2 calcium carbide producer,https://www.alibaba.com/product-detail/Fast-shipments-factory-CaC2-calcium-carbide_1600294588076.html
Ca(OH)2 calcium hydrate,"$1,050.00",22 Metric Tons,Hot sell 50-80 mm 295L CaC2 calcium carbide,https://www.alibaba.com/product-detail/Hot-sell-50-80-mm-295L_1600295702005.html
Ca(OH)2 calcium hydrate,$880.00,23 Tons,CaC2 calcium carbide stone UN 1402 to produce acetylene calcium carbide price in India /buy calcium carbide,https://www.alibaba.com/product-detail/CaC2-calcium-carbide-stone-UN-1402_1600281786238.html
Ca(OH)2 calcium hydrate,$950.00,25 Tons,Calcium Carbide Cac2 For Acetylene Gas 80-120 70-100 50-80 25-50 15-25mm,https://www.alibaba.com/product-detail/Calcium-Carbide-Cac2-For-Acetylene-Gas_1600430391923.html
Ca(OH)2 calcium hydrate,$950.00,25 Tons,Cac2 0-15mm 25~50mm 50~80mm Calcium Carbide Manufacturers Supplier,https://www.alibaba.com/product-detail/Cac2-0-15mm-25-50mm-50_1600424752869.html
Ca(OH)2 calcium hydrate,$950.00,25 Tons,Manufacturer Price Calcium Carbide Industrial Grade 50-80mm 50Kg For Sale,https://www.alibaba.com/product-detail/Manufacturer-Price-Calcium-Carbide-Industrial-Grade_1600424896084.html
Ca(OH)2 calcium hydrate,"$1,611.00",23 Tons,calcium carbide 5080mm,https://www.alibaba.com/product-detail/calcium-carbide-5080mm_1600364740153.html
Copper Sulfate CuSO4,$1.60,1.0 Kilograms,Agriculture Grade fungicide anhydrous copper sulfate,https://www.alibaba.com/product-detail/Agriculture-Grade-fungicide-anhydrous-copper-sulfate_60795044193.html
Copper Sulfate CuSO4,$2.80,1.0 Kilograms,Best Price of Industry Grade Cuso4 Blue Crystal Copper Sulphate powder manufacturing plant,https://www.alibaba.com/product-detail/Best-Price-of-Industry-Grade-Cuso4_1600359119685.html
Copper Sulfate CuSO4,$800.00,20.0 Metric Tons,Best seller powder 24.5% Min Cu content copper Sulfate,https://www.alibaba.com/product-detail/Best-seller-powder-24-5-Min_11000001896885.html
Copper Sulfate CuSO4,$32.00,1 Piece,Cu/ Cuso4 Copper Sulfate Portable Reference Electrode,https://www.alibaba.com/product-detail/Cu-Cuso4-Copper-Sulfate-Portable-Reference_62140455015.html
Copper Sulfate CuSO4,"$1,500.00",20 Tons,Hot sale blue crystal copper sulphate high purity with ISO certificate,https://www.alibaba.com/product-detail/Hot-sale-blue-crystal-copper-sulphate_1600285590503.html
Copper Sulfate CuSO4,"$1,499.00",1.0 Tons,High quality best price 98% High Purity CuSO4 Blue Crystal copper sulphate pentahydrate,https://www.alibaba.com/product-detail/High-quality-best-price-98-High_1600267017713.html
Copper Sulfate CuSO4,"$1,700.00",100.0 Tons,Copper Sulfate for animal feed additive,https://www.alibaba.com/product-detail/Copper-Sulfate-for-animal-feed-additive_1600051391292.html
SrCO3 strontium carbonate,$3.50,100 Kilograms,analytical grade strontium carbonate powder manufacturers srco3,https://www.alibaba.com/product-detail/analytical-grade-strontium-carbonate-powder-manufacturers_60839292961.html
SrCO3 strontium carbonate,,1.0 Tons,strontium carbonate 1633-05-2 SrCO3,https://www.alibaba.com/product-detail/strontium-carbonate-1633-05-2-SrCO3_60611782366.html
SrCO3 strontium carbonate,$700.00,2 Metric Tons,Free Shipping Strontium carbonate cas 1633-05-2 Sample Available,https://www.alibaba.com/product-detail/Free-Shipping-Strontium-carbonate-cas-1633_60415252890.html
SrCO3 strontium carbonate,$15.00,99 Kilograms,Strontium carbonate CAS 1633-05-2,https://www.alibaba.com/product-detail/Strontium-carbonate-CAS-1633-05-2_1600359999722.html
SrCO3 strontium carbonate,,1 Kilogram,Mosc Strontium Carbonate 97%,https://www.alibaba.com/product-detail/Mosc-Strontium-Carbonate-97-_1600225622884.html
SrCO3 strontium carbonate,"$2,355.31",1 Ton,Hot Sale Manufacturer Price Strontium Carbonate Cas No 1633-05-2 Co3sr,https://www.alibaba.com/product-detail/Hot-Sale-Manufacturer-Price-Strontium-Carbonate_1600430370918.html
SrCO3 strontium carbonate,$1.00,1.0 Kilograms,Factory Manufactory price Strontium carbonate with CAS No.: 1633-05-2,https://www.alibaba.com/product-detail/Factory-Manufactory-price-Strontium-carbonate-with_1600397862094.html
MnO2 manganese oxide,$0.10,1.0 Kilograms,Supply high purity Feed grade MnOMn 60%-99% Manganese Oxide Mn:46% 1344-43-0,https://www.alibaba.com/product-detail/Supply-high-purity-Feed-grade-MnOMn_1600185238707.html
MnO2 manganese oxide,$580.00,1 Ton,"Manganese dioxide powder,for Chemical industry use,catalytic oxidation ,CAS 1313-13-9",https://www.alibaba.com/product-detail/Manganese-dioxide-powder-for-Chemical-industry_1600425827598.html
MnO2 manganese oxide,$505.00,25 Tons,MnO2 60% Fe<3% Manganese Powder for Ceramic enamel line,https://www.alibaba.com/product-detail/MnO2-60-Fe-3-Manganese-Powder_1600426666080.html
MnO2 manganese oxide,$8.00,1000.0 Kilograms,High purity Manganese oxide powder price cas 1344-43-0 MnO powder,https://www.alibaba.com/product-detail/High-purity-Manganese-oxide-powder-price_1600332091014.html
MnO2 manganese oxide,$100.00,10.0 Tons,MnO2 30% manganes sand / manganese oxide / manganese powder for sale,https://www.alibaba.com/product-detail/MnO2-30-manganes-sand-manganese-oxide_60661800715.html
MnO2 manganese oxide,$5.40,1000.0 Kilograms,cobalt oxide co3o4 powder for ceramics with good price,https://www.alibaba.com/product-detail/cobalt-oxide-co3o4-powder-for-ceramics_60769918830.html
MnO2 manganese oxide,"$4,320.00",25 Metric Tons,Cobalt Oxide Cobalt Oxide Hot Sale High Purity CoO Powder Price Cobalt Oxide CAS:1307-96-6,https://www.alibaba.com/product-detail/Cobalt-Oxide-Cobalt-Oxide-Hot-Sale_1600454319376.html
Sr(OH)2,$1.35,500.0 Kilograms,High quality magnesium hydroxide powder Mg( OH ) 2 1309-42-8 price,https://www.alibaba.com/product-detail/High-quality-magnesium-hydroxide-powder-Mg_1600139883626.html
Sr(OH)2,$10.00,1.0 Pieces,UXP/600 3RJ power resistance inverter 3 ohm divider resistance,https://www.alibaba.com/product-detail/UXP-600-3RJ-power-resistance-inverter_1600114093124.html
Sr(OH)2,$900.00,1.0 Units,Vello LED 330w white beam spot wash super power moving head stage light (LED BSW330 CMY),https://www.alibaba.com/product-detail/Vello-LED-330w-white-beam-spot_1600186768115.html
Sr(OH)2,,10 Metric Tons,SBR 1502/SBR rubber/Styrene-Butadiene Rubber/SBR 1500 1712 1717 rubber,https://www.alibaba.com/product-detail/SBR-1502-SBR-rubber-Styrene-Butadiene_60738131849.html
Sr(OH)2,$615.00,1 Unit,CMY 300W bsw moving light led beam spot wash 3in1 sharpy moving head hybrid for stage theater show,https://www.alibaba.com/product-detail/CMY-300W-bsw-moving-light-led_1600156970266.html
Sr(OH)2,$0.50,1 Piece,Res Cermet Trimmer 2K Ohm 10% J LEAD TOP 3224W-1-202,https://www.alibaba.com/product-detail/Res-Cermet-Trimmer-2K-Ohm-10_1600376197088.html
Sr(OH)2,$0.54,1.0 Pieces,QZ SP3232EEN-L/TR original True 3.0V to 5.5V RS-232 Transceivers SOP16 SP3232E SP3232EEN-L,https://www.alibaba.com/product-detail/QZ-SP3232EEN-L-TR-original-True_1600447552279.html
PtO2,$30.00,1.0 Grams,Buy Platinum oxide powder / PtO2 CAS 1314-15-4 with competitive price,https://www.alibaba.com/product-detail/Buy-Platinum-oxide-powder-PtO2-CAS_1600290494318.html
PtO2,$10.00,1 Kilogram,Adams catalyst platinum oxide PtO2 / platinic oxide with CAS 1314-15-4,https://www.alibaba.com/product-detail/Adams-catalyst-platinum-oxide-PtO2-platinic_62456436567.html
PtO2,$30.00,10 Grams,Manufactory UIV Platinum(IV) oxide CAS 1314-15-4 PtO2 Platinum oxide,https://www.alibaba.com/product-detail/Manufactory-UIV-Platinum-IV-oxide-CAS_60836873085.html
PtO2,$10.00,5.0 Grams,Platinum (IV) oxide / Adams Catalyst PtO2 H2O 80% Pt CAS 1314-15-4,https://www.alibaba.com/product-detail/Platinum-IV-oxide-Adams-Catalyst-PtO2_1600126432608.html
PtO2,$20.00,1.0 Grams,CAS NO 1314-15-4 Platinum Oxide Hydrate formula PtO2 H2O for chemical catalyst,https://www.alibaba.com/product-detail/CAS-NO-1314-15-4-Platinum_1600097400852.html
PtO2,,10.0 Grams,Competitive price Factory supply CAS 1314-15-4 Platinic oxide PtO2,https://www.alibaba.com/product-detail/Competitive-price-Factory-supply-CAS-1314_1600061691421.html
PtO2,$20.00,1.0 Kilograms,Factory sell PtO2 as hydrogenation catalyst Platinum dioxide,https://www.alibaba.com/product-detail/Factory-sell-PtO2-as-hydrogenation-catalyst_1600257903960.html
PbO lead oxide,$1.50,1.0 Kilograms,PbO lead oxide litharge yellow 99.5% purity powder CAS:1317-36-8,https://www.alibaba.com/product-detail/PbO-lead-oxide-litharge-yellow-99_62093889782.html
PbO lead oxide,"$2,400.00",1.0 Tons,yellow lead oxide litharge PbO,https://www.alibaba.com/product-detail/yellow-lead-oxide-litharge-PbO_60428116092.html
PbO lead oxide,$5.00,50 Pieces,Supply 50nm Spherical Low Lead Content Zinc Oxide for Rubber Use,https://www.alibaba.com/product-detail/Supply-50nm-Spherical-Low-Lead-Content_62022848762.html
PbO lead oxide,$12.00,1 Kilogram,"factory supplies high quality bismuth oxide in lead acid battery 99.99% Bismuth Oxide powder,granule ,Electronic ceramics Bi2O3",https://www.alibaba.com/product-detail/factory-supplies-high-quality-bismuth-oxide_1600283135556.html
PbO lead oxide,$1.20,1.0 Kilograms,Factory Price High Purity Lead Monoxide Litharge Powder PbO Lead Oxide Cas no 1317-36-8,https://www.alibaba.com/product-detail/Factory-Price-High-Purity-Lead-Monoxide_62238756099.html
PbO lead oxide,$1.00,1.0 Kilograms,Yellow lead oxide / litharge/ lead monoxide/ PbO powder price CAS 1317-36-8,https://www.alibaba.com/product-detail/Yellow-lead-oxide-litharge-lead-monoxide_62092661321.html
Sb2O3 antimony oxide,,1 Kilogram,Factory Price Sell Nano Antimony Oxide Powder with Sb2O3 Nanoparticles and Nanopowder Dispersion,https://www.alibaba.com/product-detail/Factory-Price-Sell-Nano-Antimony-Oxide_62424799392.html?s=p
PbO lead oxide,"$3,000.00",1.0 Metric Tons,golden and silver free Lead oxide yellow PbO,https://www.alibaba.com/product-detail/golden-and-silver-free-Lead-oxide_60728650235.html
Sb2O3 antimony oxide,$5.00,1 Kilogram,Sb2o3 Antimony Oxide Sb2o3 Antimony Oxide Price Fire Retardant CAS1309-64-4 High Purity Submicron Sb2O3 Powder Price Antimony Oxide,https://www.alibaba.com/product-detail/Sb2o3-Antimony-Oxide-Sb2o3-Antimony-Oxide_62386368647.html?s=p
Sb2O3 antimony oxide,"$9,000.00",1.0 Tons,Antimonium Trioxide sb2o3 antimony oxide flame retardant supplier,https://www.alibaba.com/product-detail/Antimonium-Trioxide-sb2o3-antimony-oxide-flame_1600294792725.html
Sb2O3 antimony oxide,$5.50,1000.0 Kilograms,CAS 1309-64-4 sb2o3 Antimony trioxide,https://www.alibaba.com/product-detail/CAS-1309-64-4-sb2o3-Antimony_1600076557502.html
Sb2O3 antimony oxide,"$7,650.00",5 Tons,Cas 1309-64-4 99.5% Sb2o3 Antimony Trioxide With Best Antimony Trioxide Price,https://www.alibaba.com/product-detail/Cas-1309-64-4-99-5_1600353012499.html
Copper Oxide CuO,$16.00,1 Piece,China Export Electron Grade CuO Copper Oxide Nano Particle size,https://www.alibaba.com/product-detail/China-Export-Electron-Grade-CuO-Copper_1600164200017.html
Sb2O3 antimony oxide,$100.00,1.0 Kilograms,Cas 128221-48-7 Industrial Grade Sno2 & Sb2o3 Antimony Doped Tin Oxide Powder ATO nanopowder / Nanoparticles,https://www.alibaba.com/product-detail/Cas-128221-48-7-Industrial-Grade_1600432452860.html
Sb2O3 antimony oxide,$2.00,1.0 Kilograms,Sb2O3 ANTIMONY OXIDE ANTIMONY trioxide with CAS 1309-64-4,https://www.alibaba.com/product-detail/Sb2O3-ANTIMONY-OXIDE-ANTIMONY-trioxide-with_1600293099731.html
Copper Oxide CuO,$11.40,500.0 Kilograms,copper oxide exoweld,https://www.alibaba.com/product-detail/copper-oxide-exoweld_1600259512738.html
Copper Oxide CuO,$7.00,1 Kilogram,High Purity CAS 1317-38-0 Cupric oxide cuo powder / flake / pellet / granule for sale,https://www.alibaba.com/product-detail/High-Purity-CAS-1317-38-0_62546376208.html
Copper Oxide CuO,"$10,600.00",9.0 Tons,manufacturers price Extra fine high purity 99.2% 3 um nano copper oxide,https://www.alibaba.com/product-detail/manufacturers-price-Extra-fine-high-purity_1600335879293.html
Copper Oxide CuO,$200.00,1 Kilogram,100nm Red Cuprous Oxide Cu2O Nanopowder CAS 1317-39-1 Industrial Grade Copper Oxide,https://www.alibaba.com/product-detail/100nm-Red-Cuprous-Oxide-Cu2O-Nanopowder_1600337700823.html
Copper Oxide CuO,$1.00,1.0 Kilograms,Chinese Hot Sale as Organic Reaction Catalyst Copper Oxide 1317-38-0 for Agriculture,https://www.alibaba.com/product-detail/Chinese-Hot-Sale-as-Organic-Reaction_1600331377668.html
Copper Oxide CuO,$7.00,500.0 Kilograms,CAS:1317-39-1 Industrial Grade cupric oxide CuO Cu2O Cuprous oxide copper oxide,https://www.alibaba.com/product-detail/CAS-1317-39-1-Industrial-Grade_1600220329362.html
Cr2O3 chromium oxide,$300.00,1 Kilogram,Factory Price Sell Nano Chromic Oxide Powder with Cr2O3 and Nanoparticles and Nanopowder Dispersion,https://www.alibaba.com/product-detail/Factory-Price-Sell-Nano-Chromic-Oxide_62423652622.html?s=p
Cr2O3 chromium oxide,$2.00,1.0 Kilograms,Pigment Grade Chrome Oxide Green/ Chromium Oxide ( Cr2O3 ),https://www.alibaba.com/product-detail/Pigment-Grade-Chrome-Oxide-Green-Chromium_60795553680.html
Cr2O3 chromium oxide,$18.50,5.0 Kilograms,Cr2O3 SiO2 TiO2 Thermal Spraying Mixed Chrome Chromium Oxide Silicon Oxide Titanium Oxide Composite Powder,https://www.alibaba.com/product-detail/Cr2O3-SiO2-TiO2-Thermal-Spraying-Mixed_1600115387677.html
Cr2O3 chromium oxide,$4.00,1 Kiloampere,Chromium oxide cr2o3 favorable price cas 1308-38-9,https://www.alibaba.com/product-detail/Chromium-oxide-cr2o3-favorable-price-cas_1600327495445.html
Cr2O3 chromium oxide,"$1,000.00",3 Tons,China Manufacturer Chromium Oxide Green Price Cr2O3,https://www.alibaba.com/product-detail/China-Manufacturer-Chromium-Oxide-Green-Price_60775371364.html
Cr2O3 chromium oxide,$18.20,25.0 Kilograms,Chromium (III) oxide Cr2O3 Chromium Oxide spraying ceramic glaze,https://www.alibaba.com/product-detail/Chromium-III-oxide-Cr2O3-Chromium-Oxide_1600456993701.html
Cr2O3 chromium oxide,$2.00,1.0 Kilograms,High purity 99.9% Chromium sesquioxide or Chromium oxide powder Cr2O3 with best price,https://www.alibaba.com/product-detail/High-purity-99-9-Chromium-sesquioxide_1600427471796.html
barium oxide BaO,$10.00,1.0 Kilograms,Epoch Barium Oxide Powder with BaO and 1304-28-5,https://www.alibaba.com/product-detail/Epoch-Barium-Oxide-Powder-with-BaO_1600284871578.html
barium oxide BaO,,1.0 Kilograms,Barium oxide with factory supply CAS 1304-28-5,https://www.alibaba.com/product-detail/Barium-oxide-with-factory-supply-CAS_1600242941703.html
barium oxide BaO,,1 Kilogram,BARIUM OXIDE CAS 1304-28-5,https://www.alibaba.com/product-detail/BARIUM-OXIDE-CAS-1304-28-5_1934796084.html
barium oxide BaO,$10.00,1.0 Kilograms,Lukong Supply 99% Barium Oxide Powder for Sale Barium Oxide,https://www.alibaba.com/product-detail/Lukong-Supply-99-Barium-Oxide-Powder_1600452959529.html
barium oxide BaO,,1.0 Metric Tons,BARIUM OXIDE,https://www.alibaba.com/product-detail/BARIUM-OXIDE_1934808073.html
barium oxide BaO,$300.00,1.0 Metric Tons,BARIUM OXIDE cas 1304-28-5,https://www.alibaba.com/product-detail/BARIUM-OXIDE-cas-1304-28-5_1934808032.html
barium oxide BaO,$10.00,1.0 Kilograms,99% Barium Oxide Powder with Good Price,https://www.alibaba.com/product-detail/99-Barium-Oxide-Powder-with-Good_1600347533901.html
vanadium oxide V2O5,$5.00,20.0 Kilograms,99.5% Vanadium oxide V2O5 catalyst CAS 1314-62-1 pentoxide price used as alloy additive,https://www.alibaba.com/product-detail/99-5-Vanadium-oxide-V2O5-catalyst_62544211409.html
vanadium oxide V2O5,$2.00,100.0 Grams,High purity 99.9% Niobium(V) oxide powder Nb2O5 with best price,https://www.alibaba.com/product-detail/High-purity-99-9-Niobium-V_1600427267473.html
vanadium oxide V2O5,"$1,200.00",1 Kilogram,Semiconductor Use VO2 100-200nm Vanadium (IV) oxide,https://www.alibaba.com/product-detail/Semiconductor-Use-VO2-100-200nm-Vanadium_1600228202833.html
vanadium oxide V2O5,$5.00,1.0 Kilograms,Micron Vanadium pentoxide V2O5 powder price/ Ultrafine V2O5 Powder 99.99% for catalyst 1314-62-1,https://www.alibaba.com/product-detail/Micron-Vanadium-pentoxide-V2O5-powder-price_1600062385966.html
vanadium oxide V2O5,$5.00,20.0 Kilograms,Factory supply Vanadium oxide 1314-62-1/ vanadium pentoxide V2O5,https://www.alibaba.com/product-detail/Factory-supply-Vanadium-oxide-1314-62_62544189890.html
vanadium oxide V2O5,$5.00,20.0 Kilograms,HRV V2o5 Vanadium Pentoxide oxide Powder Price,https://www.alibaba.com/product-detail/HRV-V2o5-Vanadium-Pentoxide-oxide-Powder_62546779320.html
vanadium oxide V2O5,$5.00,20.0 Kilograms,China factory outlet v2o5 vanadium pentoxide alloy additive,https://www.alibaba.com/product-detail/China-factory-outlet-v2o5-vanadium-pentoxide_62543719922.html
Sr(OH)2,$0.90,10 Pieces,Electronic components SP3243EBEA-L/TR SP3243EBEA SSOP28 RS-232 interface low power low voltage difference operational amplifier,https://www.alibaba.com/product-detail/Electronic-components-SP3243EBEA-L-TR-SP3243EBEA_1600364338475.html
Sr(OH)2,$0.13,5 Pieces,New original china made SP3232EEA SSOP16 +3V to +5.5V RS-232 transceiver,https://www.alibaba.com/product-detail/New-original-china-made-SP3232EEA-SSOP16_1600187601021.html
Sr(OH)2,$8.58,1.0 Pieces,Hot sale FNA23512A MOD SPM 1200V 35A INVERTER Original supply,https://www.alibaba.com/product-detail/Hot-sale-FNA23512A-MOD-SPM-1200V_1600289660567.html
Sr(OH)2,$0.01,1.0 Pieces,"original SRAM 4M, 2 .7-5.5V, 55ns 512K x 8 Asynch SRAM integrated circuits AS6C4008-55STIN TSOP32 components supplies",https://www.alibaba.com/product-detail/original-SRAM-4M-2-7-5_1600120851884.html
Sr(OH)2,$0.10,1.0 Pieces,New and original SR40B FH82HM370 Integrated circuit,https://www.alibaba.com/product-detail/New-and-original-SR40B-FH82HM370-Integrated_1600433013612.html
Sr(OH)2,$0.441,1.0 Pieces,Hot sale PF2205-150RF1 RES 150 OHM 50W 1% TO220 Original supply,https://www.alibaba.com/product-detail/Hot-sale-PF2205-150RF1-RES-150_1600288454490.html
Sr(OH)2,$0.50,1 Piece,SP3232 SP3232E transceiver RS232 new original SP3232ECN SP3232EEN,https://www.alibaba.com/product-detail/SP3232-SP3232E-transceiver-RS232-new-original_1600376388702.html